date_key,payer_key,geo_key,plan_count,claims_received,claims_received_in_network,claims_received_out_of_network,claims_denied,claims_denied_in_network,claims_denied_out_of_network,claims_resubmitted,internal_appeals_filed,internal_appeals_overturned,external_appeals_filed,external_appeals_overturned
2020,226,1,4,7965.0,,,628.0,,,,,,0.0,0.0
2020,96,1,7,440169.0,,,95724.0,,,,103.0,55.0,,
2020,127,2,8,5903602.0,,,1319590.0,,,,2052.0,438.0,56.0,
2020,208,2,15,136527.0,,,33519.0,,,,33.0,22.0,,
2020,191,2,7,,,,,,,,,,,
2020,91,3,3,599681.0,,,204398.0,,,,93.0,53.0,0.0,0.0
2020,196,3,4,595103.0,,,203216.0,,,,131.0,62.0,,
2020,172,3,21,1576474.0,,,539476.0,,,,286.0,146.0,0.0,0.0
2020,216,3,9,5248921.0,,,964896.0,,,,3000.0,1230.0,,
2020,9,3,2,,,,,,,,,,,
2020,21,3,28,,,,,,,,,,,
2020,144,4,98,1374409.0,,,177779.0,,,,1362.0,648.0,39.0,
2020,256,4,29,1943258.0,,,527951.0,,,,409.0,195.0,,
2020,247,4,30,666465.0,,,129389.0,,,,512.0,268.0,40.0,22.0
2020,12,4,29,10388.0,,,6986.0,,,,,,0.0,0.0
2020,273,4,12,203309.0,,,24216.0,,,,228.0,13.0,,0.0
2020,44,4,10,,,,,,,,,,,
2020,109,4,14,,,,,,,,,,,
2020,70,4,8,,,,,,,,,,,
2020,218,5,13,615303.0,,,79487.0,,,,123.0,58.0,,0.0
2020,146,6,10,592003.0,,,181491.0,,,,327.0,109.0,,
2020,131,6,17,504329.0,,,79531.0,,,,778.0,36.0,0.0,0.0
2020,151,6,37,1935231.0,,,251538.0,,,,349.0,133.0,,0.0
2020,42,6,58,8990578.0,,,2508389.0,,,,56.0,11.0,0.0,0.0
2020,63,6,48,18327228.0,,,2030172.0,,,,2519.0,1086.0,103.0,41.0
2020,22,6,26,18459475.0,,,1931938.0,,,,3515.0,1416.0,157.0,52.0
2020,85,6,36,1010192.0,,,134692.0,,,,398.0,204.0,14.0,
2020,108,6,64,288746.0,,,156218.0,,,,85.0,81.0,,
2020,7,6,175,1166695.0,,,263373.0,,,,311.0,152.0,,0.0
2020,243,6,14,,,,,,,,,,,
2020,33,6,14,,,,,,,,,,,
2020,182,6,3,,,,,,,,,,,
2020,259,6,10,,,,,,,,,,,
2020,186,6,20,,,,,,,,,,,
2020,136,7,48,3209584.0,,,663354.0,,,,481.0,34.0,0.0,0.0
2020,165,7,13,588516.0,,,177566.0,,,,,,0.0,0.0
2020,198,7,41,4893055.0,,,1466168.0,,,,1097.0,381.0,0.0,0.0
2020,237,7,33,281982.0,,,15116.0,,,,4537.0,713.0,48.0,21.0
2020,252,7,20,50093.0,,,4359.0,,,,63.0,18.0,0.0,0.0
2020,158,7,32,971.0,,,664.0,,,,0.0,0.0,0.0,0.0
2020,117,7,16,,,,,,,,,,,
2020,253,7,9,,,,,,,,,,,
2020,235,7,15,,,,,,,,,,,
2020,19,7,13,,,,,,,,,,,
2020,92,7,30,,,,,,,,,,,
2020,167,8,11,9656.0,,,496.0,,,,53.0,11.0,0.0,0.0
2020,29,8,7,344408.0,,,86148.0,,,,64.0,37.0,,0.0
2020,48,9,6,134917.0,,,24957.0,,,,19.0,,0.0,0.0
2020,260,9,40,1804363.0,,,307050.0,,,,599.0,255.0,,0.0
2020,124,9,27,,,,,,,,,,,
2020,242,10,13,33685.0,,,2932.0,,,,11.0,,0.0,0.0
2020,55,10,29,393081.0,,,127282.0,,,,79.0,45.0,0.0,0.0
2020,35,10,12,1114480.0,,,117972.0,,,,138.0,62.0,42.0,
2020,84,10,108,7625874.0,,,1142225.0,,,,351.0,118.0,35.0,
2020,143,10,25,385085.0,,,58528.0,,,,623.0,56.0,,
2020,148,10,9,,,,,,,,,,,
2020,180,10,10,,,,,,,,,,,
2020,115,10,10,,,,,,,,,,,
2020,71,10,7,,,,,,,,,,,
2020,5,10,36,,,,,,,,,,,
2020,120,10,15,,,,,,,,,,,
2020,147,11,13,2799836.0,,,723742.0,,,,120.0,27.0,11.0,
2020,219,11,25,1458253.0,,,510195.0,,,,630.0,182.0,29.0,11.0
2020,83,11,8,,,,,,,,,,,
2020,26,11,10,10900.0,,,816.0,,,,,,0.0,0.0
2020,30,12,6,2171781.0,,,312941.0,,,,231.0,71.0,16.0,
2020,221,12,20,109766.0,,,12299.0,,,,80.0,,0.0,0.0
2020,101,12,26,266061.0,,,62351.0,,,,132.0,60.0,0.0,0.0
2020,116,12,29,9329.0,,,802.0,,,,,,0.0,0.0
2020,78,12,25,,,,,,,,,,,
2020,72,12,8,,,,,,,,,,,
2020,262,12,9,,,,,,,,,,,
2020,184,13,5,288271.0,,,77099.0,,,,42.0,32.0,,0.0
2020,278,13,30,31090.0,,,9806.0,,,,117.0,55.0,25.0,16.0
2020,271,13,5,187960.0,,,29076.0,,,,93.0,49.0,,
2020,32,13,31,2606297.0,,,403073.0,,,,1214.0,543.0,92.0,16.0
2020,194,13,9,,,,,,,,,,,
2020,170,13,19,,,,,,,,,,,
2020,61,14,40,1553321.0,,,108862.0,,,,205.0,,13.0,
2020,103,14,7,282888.0,,,104573.0,,,,103.0,42.0,,0.0
2020,169,14,17,319152.0,,,33102.0,,,,63.0,16.0,0.0,0.0
2020,214,14,7,88925.0,,,20536.0,,,,46.0,41.0,0.0,0.0
2020,20,14,8,650602.0,,,195189.0,,,,152.0,67.0,20.0,
2020,276,14,18,3145721.0,,,908338.0,,,,142.0,114.0,13.0,
2020,225,14,28,2692.0,,,1765.0,,,,,,0.0,0.0
2020,163,14,8,,,,,,,,,,,
2020,200,14,14,,,,,,,,,,,
2020,160,14,26,55806.0,,,20814.0,,,,67.0,27.0,15.0,0.0
2020,130,15,10,121389.0,,,20416.0,,,,31.0,17.0,0.0,0.0
2020,282,15,46,2054568.0,,,732660.0,,,,798.0,315.0,0.0,0.0
2020,73,15,13,1656780.0,,,316192.0,,,,83.0,43.0,0.0,0.0
2020,142,15,29,103287.0,,,21738.0,,,,50.0,16.0,,
2020,268,15,7,11712.0,,,1732.0,,,,,0.0,0.0,0.0
2020,213,15,33,1942723.0,,,234494.0,,,,1114.0,196.0,,
2020,192,15,29,3760.0,,,2543.0,,,,0.0,0.0,0.0,0.0
2020,80,15,11,,,,,,,,,,,
2020,132,15,15,,,,,,,,,,,
2020,254,16,27,1724582.0,,,485205.0,,,,175.0,81.0,,
2020,231,16,9,142850.0,,,49828.0,,,,486.0,115.0,,0.0
2020,16,16,5,,,,,,,,,,,
2020,154,16,10,,,,,,,,,,,
2020,69,17,13,454636.0,,,24610.0,,,,829.0,356.0,,0.0
2020,46,17,6,97515.0,,,3712.0,,,,124.0,35.0,,0.0
2020,64,17,37,586995.0,,,73934.0,,,,114.0,45.0,19.0,
2020,222,18,25,332414.0,,,133565.0,,,,139.0,85.0,0.0,0.0
2020,4,18,143,19424054.0,,,2901677.0,,,,1473.0,579.0,26.0,11.0
2020,211,18,19,110324.0,,,10325.0,,,,78.0,16.0,0.0,0.0
2020,90,18,90,474638.0,,,8627.0,,,,159.0,65.0,0.0,0.0
2020,25,18,6,,,,,,,,,,,
2020,118,18,3,,,,,,,,,,,
2020,171,18,5,,,,,,,,,,,
2020,223,18,9,,,,,,,,,,,
2020,149,18,11,,,,,,,,,,,
2020,193,18,34,,,,,,,,,,,
2020,209,19,14,18883.0,,,3305.0,,,,,,0.0,0.0
2020,251,19,16,233206.0,,,15410.0,,,,277.0,197.0,,
2020,86,19,8,346514.0,,,45764.0,,,,105.0,41.0,,
2020,37,20,30,2598403.0,,,435623.0,,,,994.0,450.0,,
2020,236,20,30,421080.0,,,46352.0,,,,208.0,132.0,0.0,0.0
2020,52,20,22,,,,,,,,,,,
2020,156,20,28,,,,,,,,,,,
2020,217,21,19,241032.0,,,76585.0,,,,14.0,,,0.0
2020,269,21,14,833667.0,,,125957.0,,,,157.0,53.0,,0.0
2020,164,21,11,190128.0,,,43498.0,,,,59.0,33.0,0.0,0.0
2020,57,22,17,252910.0,,,51185.0,,,,67.0,36.0,13.0,0.0
2020,111,22,27,670413.0,,,197753.0,,,,463.0,250.0,0.0,0.0
2020,178,22,7,726274.0,,,257715.0,,,,466.0,179.0,29.0,11.0
2020,224,22,13,2683988.0,,,675152.0,,,,561.0,234.0,18.0,
2020,56,22,39,186533.0,,,28753.0,,,,62.0,28.0,0.0,0.0
2020,140,22,17,75710.0,,,16793.0,,,,43.0,28.0,,
2020,212,22,11,105382.0,,,19216.0,,,,51.0,32.0,,0.0
2020,283,22,100,1363346.0,,,233019.0,,,,698.0,379.0,11.0,
2020,58,22,51,552610.0,,,48483.0,,,,63.0,63.0,,
2020,125,22,31,552610.0,,,48483.0,,,,63.0,63.0,,
2020,249,23,56,7338783.0,,,1057951.0,,,,131.0,13.0,,
2020,107,23,15,279064.0,,,69701.0,,,,110.0,60.0,0.0,0.0
2020,40,23,27,236873.0,,,52015.0,,,,100.0,45.0,0.0,0.0
2020,258,23,27,,,,,,,,,,,
2020,122,23,10,,,,,,,,,,,
2020,279,23,7,,,,,,,,,,,
2020,173,23,21,,,,,,,,,,,
2020,257,23,9,,,,,,,,,,,
2020,175,24,3,6477.0,,,558.0,,,,16.0,0.0,,
2020,100,24,22,717729.0,,,54476.0,,,,63.0,18.0,,0.0
2020,199,24,10,44137.0,,,4071.0,,,,67.0,24.0,0.0,0.0
2020,1,24,9,75372.0,,,3650.0,,,,257.0,63.0,,0.0
2020,227,24,27,,,,,,,,,,,
2020,153,24,11,0.0,,,0.0,,,,0.0,0.0,0.0,0.0
2020,114,25,7,170847.0,,,72547.0,,,,160.0,102.0,,
2020,228,25,28,114057.0,,,36917.0,,,,71.0,43.0,0.0,0.0
2020,51,25,25,7306863.0,,,1056260.0,,,,912.0,340.0,561.0,179.0
2020,23,25,45,83294.0,,,17741.0,,,,37.0,26.0,0.0,0.0
2020,166,26,17,195254.0,,,13476.0,,,,103.0,47.0,,
2020,65,26,16,299209.0,,,15885.0,,,,202.0,136.0,0.0,0.0
2020,195,27,25,200327.0,,,85109.0,,,,88.0,48.0,,
2020,281,27,12,3027685.0,,,442167.0,,,,1804.0,233.0,16.0,
2020,14,27,83,6448939.0,,,1225395.0,,,,200.0,59.0,,
2020,274,27,93,362462.0,,,66920.0,,,,316.0,174.0,14.0,
2020,45,27,16,27681.0,,,22301.0,,,,,,0.0,0.0
2020,190,27,10,,,,,,,,,,,
2020,59,28,86,7058234.0,,,2773390.0,,,,1399.0,906.0,43.0,22.0
2020,181,28,88,571386.0,,,157326.0,,,,3427.0,944.0,228.0,118.0
2020,123,28,9,4042295.0,,,1169666.0,,,,1358.0,906.0,39.0,22.0
2020,201,28,5,226343.0,,,66331.0,,,,39.0,32.0,,
2020,53,28,10,634030.0,,,98848.0,,,,238.0,143.0,,
2020,74,28,298,16149484.0,,,2877345.0,,,,1526.0,254.0,15.0,
2020,54,28,9,2423364.0,,,405859.0,,,,365.0,94.0,,
2020,34,28,68,9276.0,,,4843.0,,,,65.0,56.0,,
2020,174,28,2,,,,,,,,,,,
2020,27,28,7,,,,,,,,,,,
2020,246,28,23,,,,,,,,,,,
2020,161,28,20,,,,,,,,,,,
2020,110,28,9,,,,,,,,,,,
2020,104,28,13,,,,,,,,,,,
2020,277,28,75,,,,,,,,,,,
2020,150,28,9,,,,,,,,,,,
2020,28,29,7,90389.0,,,36902.0,,,,39.0,25.0,0.0,0.0
2020,113,29,17,673816.0,,,155276.0,,,,936.0,373.0,,
2020,189,29,34,6368921.0,,,706709.0,,,,2896.0,986.0,21.0,
2020,234,29,11,179701.0,,,19492.0,,,,74.0,,,0.0
2020,43,29,12,,,,,,,,,,,
2020,102,29,15,,,,,,,,,,,
2020,79,29,4,0.0,,,0.0,,,,0.0,0.0,0.0,0.0
2020,87,30,10,57333.0,,,7366.0,,,,91.0,46.0,0.0,0.0
2020,250,30,10,4664589.0,,,900035.0,,,,458.0,79.0,0.0,0.0
2020,266,30,13,21100.0,,,2958.0,,,,20.0,,,
2020,2,30,3,70300.0,,,19012.0,,,,12.0,,0.0,0.0
2020,38,30,7,1073818.0,,,251158.0,,,,287.0,68.0,,0.0
2020,105,30,2,21720.0,,,6072.0,,,,,,0.0,0.0
2020,112,30,28,1889983.0,,,202665.0,,,,585.0,52.0,13.0,
2020,49,30,30,4183.0,,,3042.0,,,,0.0,0.0,0.0,0.0
2020,94,30,10,,,,,,,,,,,
2020,244,30,5,,,,,,,,,,,
2020,50,30,26,,,,,,,,,,,
2020,47,30,12,,,,,,,,,,,
2020,264,31,34,53450.0,,,7143.0,,,,,0.0,0.0,0.0
2020,97,31,54,738330.0,,,64499.0,,,,157.0,59.0,,0.0
2020,157,31,16,309731.0,,,46645.0,,,,90.0,30.0,,
2020,36,31,17,101937.0,,,7640.0,,,,,,0.0,0.0
2020,141,31,7,645671.0,,,234295.0,,,,392.0,272.0,,
2020,159,31,9,200323.0,,,1722.0,,,,17.0,11.0,,0.0
2020,239,31,16,2564.0,,,678.0,,,,,,0.0,0.0
2020,248,31,55,3483472.0,,,413569.0,,,,40.0,23.0,,
2020,89,31,88,536333.0,,,43844.0,,,,140.0,49.0,0.0,0.0
2020,18,31,8,149466.0,,,12413.0,,,,318.0,140.0,,
2020,245,31,12,68693.0,,,14820.0,,,,54.0,24.0,0.0,0.0
2020,93,31,30,660640.0,,,55573.0,,,,84.0,55.0,,
2020,233,31,18,94506.0,,,20867.0,,,,87.0,67.0,,0.0
2020,229,31,8,,,,,,,,,,,
2020,139,32,11,410744.0,,,97542.0,,,,,,0.0,0.0
2020,66,32,11,521615.0,,,40071.0,,,,38.0,23.0,0.0,0.0
2020,3,33,14,935848.0,,,121710.0,,,,2589.0,1756.0,11.0,
2020,98,33,7,,,,,,,,,,,
2021,96,1,9,603348.0,,,143208.0,,,,2156.0,1079.0,,
2021,226,1,7,7965.0,,,628.0,,,,,,0.0,0.0
2021,127,2,12,7557971.0,,,1710597.0,,,,1974.0,569.0,56.0,
2021,191,2,14,,,,,,,,,,,
2021,145,2,18,,,,,,,,,,,
2021,208,2,15,99090.0,,,6396.0,,,,20.0,0.0,0.0,0.0
2021,91,3,5,1971681.0,,,361647.0,,,,103.0,86.0,0.0,0.0
2021,196,3,7,1954143.0,,,362988.0,,,,297.0,135.0,0.0,0.0
2021,9,3,4,919095.0,,,152474.0,,,,311.0,68.0,0.0,0.0
2021,216,3,12,5795970.0,,,1054292.0,,,,6575.0,1930.0,54.0,12.0
2021,172,3,23,4540069.0,,,877096.0,,,,742.0,356.0,,
2021,144,4,137,1702700.0,,,270255.0,,,,1917.0,615.0,47.0,14.0
2021,273,4,18,245947.0,,,32296.0,,,,25.0,15.0,,
2021,109,4,20,22221.0,,,8586.0,,,,329.0,141.0,0.0,0.0
2021,247,4,30,426315.0,,,20527.0,,,,139.0,,0.0,0.0
2021,12,4,21,322617.0,,,11378.0,,,,54.0,51.0,0.0,0.0
2021,241,4,5,,,,,,,,,,,
2021,44,4,9,,,,,,,,,,,
2021,256,4,39,892318.0,,,351934.0,,,,951.0,395.0,,
2021,70,4,10,,,,,,,,,,,
2021,183,5,9,,,,,,,,,,,
2021,203,5,4,,,,,,,,,,,
2021,218,5,17,814191.0,,,121035.0,,,,109.0,,,0.0
2021,151,6,45,2408855.0,,,303057.0,,,,426.0,177.0,,
2021,42,6,50,5169919.0,,,2167829.0,,,,4177.0,2163.0,22.0,
2021,108,6,52,7137398.0,,,470215.0,,,,271.0,228.0,,
2021,7,6,183,14147996.0,,,800924.0,,,,1445.0,64.0,0.0,0.0
2021,131,6,24,3040820.0,,,554799.0,,,,484.0,161.0,18.0,
2021,85,6,26,968641.0,,,147827.0,,,,215.0,103.0,14.0,
2021,243,6,22,,,,,,,,,,,
2021,33,6,88,1155539.0,,,311070.0,,,,108.0,65.0,,
2021,182,6,6,,,,,,,,,,,
2021,186,6,20,,,,,,,,,,,
2021,259,6,14,,,,,,,,,,,
2021,31,6,35,,,,,,,,,,,
2021,63,6,75,23017981.0,,,3063375.0,,,,3022.0,1233.0,88.0,29.0
2021,22,6,34,18025819.0,,,1936124.0,,,,3519.0,1665.0,111.0,38.0
2021,146,6,9,515439.0,,,113466.0,,,,623.0,222.0,,0.0
2021,185,6,4,,,,,,,,,,,
2021,235,7,21,,,,,,,,,,,
2021,136,7,64,3857828.0,,,717223.0,,,,421.0,56.0,0.0,0.0
2021,92,7,30,,,,,,,,,,,
2021,158,7,26,10714.0,,,356.0,,,,,,0.0,0.0
2021,19,7,19,,,,,,,,,,,
2021,198,7,57,4809122.0,,,1966976.0,,,,1705.0,885.0,,
2021,252,7,26,99336.0,,,9464.0,,,,54.0,11.0,0.0,0.0
2021,117,7,19,,,,,,,,,,,
2021,253,7,22,,,,,,,,,,,
2021,237,7,37,406302.0,,,25742.0,,,,5639.0,1205.0,33.0,12.0
2021,165,7,17,1641847.0,,,408202.0,,,,30.0,,0.0,0.0
2021,29,8,7,471082.0,,,117703.0,,,,82.0,42.0,0.0,0.0
2021,167,8,15,15097.0,,,875.0,,,,37.0,,0.0,0.0
2021,48,9,12,1966886.0,,,313471.0,,,,145.0,53.0,,
2021,124,9,16,9620.0,,,269.0,,,,,,0.0,0.0
2021,260,9,44,851854.0,,,107718.0,,,,322.0,140.0,,
2021,176,9,12,,,,,,,,,,,
2021,35,10,14,1311179.0,,,141720.0,,,,203.0,80.0,17.0,
2021,55,10,36,589599.0,,,280694.0,,,,298.0,204.0,,
2021,71,10,6,,,,,,,,,,,
2021,115,10,17,,,,,,,,,,,
2021,143,10,33,400949.0,,,78631.0,,,,59.0,17.0,,
2021,180,10,13,27295.0,,,7047.0,,,,,,0.0,0.0
2021,280,10,9,,,,,,,,,,,
2021,5,10,29,,,,,,,,,,,
2021,84,10,209,8309652.0,,,1373756.0,,,,1598.0,486.0,59.0,33.0
2021,148,10,8,34094.0,,,3577.0,,,,31.0,17.0,,0.0
2021,242,10,18,82763.0,,,8480.0,,,,26.0,12.0,,0.0
2021,26,11,21,14711.0,,,2586.0,,,,,,0.0,0.0
2021,219,11,29,456944.0,,,174499.0,,,,726.0,263.0,36.0,
2021,263,11,16,,,,,,,,,,,
2021,83,11,9,,,,,,,,,,,
2021,147,11,13,3761608.0,,,820029.0,,,,111.0,17.0,0.0,0.0
2021,30,12,10,1894345.0,,,229743.0,,,,224.0,59.0,72.0,25.0
2021,72,12,9,,,,,,,,,,,
2021,101,12,15,215860.0,,,42384.0,,,,95.0,55.0,0.0,0.0
2021,116,12,15,19822.0,,,1244.0,,,,,,0.0,0.0
2021,221,12,25,105888.0,,,12661.0,,,,21.0,,,0.0
2021,262,12,12,97698.0,,,28030.0,,,,34.0,22.0,0.0,0.0
2021,265,12,14,,,,,,,,,,,
2021,78,12,28,,,,,,,,,,,
2021,170,13,24,,,,,,,,,,,
2021,194,13,12,,,,,,,,,,,
2021,184,13,8,365025.0,,,88330.0,,,,129.0,95.0,,0.0
2021,278,13,39,15654.0,,,1490.0,,,,50.0,219.0,0.0,0.0
2021,271,13,8,308100.0,,,42387.0,,,,95.0,36.0,,
2021,32,13,36,4351415.0,,,629374.0,,,,1577.0,550.0,108.0,33.0
2021,20,14,9,1235529.0,,,317708.0,,,,269.0,111.0,30.0,
2021,103,14,6,180358.0,,,40144.0,,,,96.0,52.0,,
2021,169,14,39,118674.0,,,32569.0,,,,35.0,11.0,0.0,0.0
2021,225,14,18,28220.0,,,764.0,,,,,,0.0,0.0
2021,61,14,59,2522336.0,,,183482.0,,,,109.0,18.0,18.0,
2021,160,14,27,70673.0,,,34424.0,,,,77.0,52.0,0.0,0.0
2021,163,14,9,,,,,,,,,,,
2021,200,14,17,,,,,,,,,,,
2021,214,14,13,135089.0,,,27905.0,,,,64.0,56.0,0.0,0.0
2021,276,14,34,3492808.0,,,962052.0,,,,295.0,260.0,,
2021,142,15,29,671235.0,,,113397.0,,,,292.0,165.0,,0.0
2021,267,15,14,,,,,,,,,,,
2021,282,15,34,1069251.0,,,402664.0,,,,1387.0,699.0,28.0,
2021,213,15,29,2505793.0,,,352949.0,,,,399.0,161.0,,0.0
2021,192,15,15,19070.0,,,966.0,,,,,,0.0,0.0
2021,73,15,15,1380403.0,,,191605.0,,,,91.0,28.0,0.0,0.0
2021,132,15,27,,,,,,,,,,,
2021,80,15,16,190430.0,,,49240.0,,,,77.0,41.0,,0.0
2021,130,15,17,328852.0,,,69382.0,,,,53.0,24.0,0.0,0.0
2021,268,15,9,8910.0,,,1978.0,,,,0.0,0.0,0.0,0.0
2021,254,16,25,1067870.0,,,453813.0,,,,383.0,207.0,,
2021,272,16,16,,,,,,,,,,,
2021,154,16,15,,,,,,,,,,,
2021,16,16,8,,,,,,,,,,,
2021,231,16,8,344007.0,,,83409.0,,,,53.0,17.0,,
2021,64,17,65,684257.0,,,94689.0,,,,129.0,45.0,,
2021,69,17,23,536004.0,,,29883.0,,,,1277.0,340.0,,0.0
2021,46,17,9,159163.0,,,7918.0,,,,288.0,105.0,,0.0
2021,222,18,45,344608.0,,,155864.0,,,,321.0,222.0,,
2021,193,18,21,2966.0,,,140.0,,,,0.0,0.0,0.0,0.0
2021,90,18,90,4055811.0,,,124211.0,,,,426.0,16.0,,0.0
2021,211,18,17,989870.0,,,129812.0,,,,103.0,23.0,0.0,0.0
2021,149,18,18,,,,,,,,,,,
2021,118,18,6,,,,,,,,,,,
2021,171,18,9,,,,,,,,,,,
2021,223,18,22,,,,,,,,,,,
2021,25,18,4,,,,,,,,,,,
2021,11,18,15,,,,,,,,,,,
2021,4,18,182,21053385.0,,,2885751.0,,,,1254.0,517.0,33.0,16.0
2021,251,19,24,1423955.0,,,22926.0,,,,131.0,79.0,,
2021,209,19,25,45251.0,,,4752.0,,,,17.0,,0.0,0.0
2021,86,19,13,404244.0,,,50258.0,,,,77.0,29.0,33.0,
2021,52,20,31,,,,,,,,,,,
2021,236,20,30,770610.0,,,48497.0,,,,74.0,,0.0,0.0
2021,37,20,39,2535166.0,,,290195.0,,,,836.0,429.0,,
2021,156,20,16,,,,,,,,,,,
2021,60,20,78,,,,,,,,,,,
2021,217,21,22,278880.0,,,93069.0,,,,266.0,174.0,0.0,0.0
2021,269,21,19,912964.0,,,115319.0,,,,165.0,67.0,0.0,0.0
2021,164,21,14,244687.0,,,56220.0,,,,80.0,44.0,0.0,0.0
2021,126,22,6,,,,,,,,,,,
2021,57,22,17,470047.0,,,73728.0,,,,154.0,56.0,0.0,0.0
2021,77,22,16,,,,,,,,,,,
2021,140,22,20,72669.0,,,15668.0,,,,36.0,27.0,,
2021,178,22,6,412168.0,,,88629.0,,,,250.0,65.0,,
2021,56,22,42,215616.0,,,22006.0,,,,51.0,28.0,,
2021,58,22,41,135743.0,,,4594.0,,,,30.0,29.0,,
2021,111,22,30,756000.0,,,318183.0,,,,1614.0,1109.0,,
2021,125,22,27,283069.0,,,7956.0,,,,72.0,69.0,0.0,0.0
2021,212,22,17,115366.0,,,27857.0,,,,30.0,25.0,,0.0
2021,283,22,107,968903.0,,,179714.0,,,,761.0,438.0,14.0,
2021,224,22,12,2365974.0,,,517465.0,,,,720.0,336.0,11.0,
2021,122,23,15,,,,,,,,,,,
2021,173,23,21,,,,,,,,,,,
2021,258,23,15,9570.0,,,485.0,,,,,,0.0,0.0
2021,249,23,84,8408622.0,,,1365329.0,,,,880.0,230.0,44.0,13.0
2021,279,23,12,69035.0,,,3814.0,,,,66.0,44.0,0.0,0.0
2021,257,23,22,,,,,,,,,,,
2021,40,23,26,499199.0,,,92370.0,,,,158.0,71.0,0.0,0.0
2021,153,24,11,818872.0,,,52609.0,,,,421.0,228.0,24.0,
2021,199,24,11,87219.0,,,6088.0,,,,44.0,18.0,0.0,0.0
2021,100,24,24,701483.0,,,28547.0,,,,161.0,54.0,11.0,
2021,1,24,10,118161.0,,,7650.0,,,,666.0,183.0,,0.0
2021,175,24,3,7760.0,,,1551.0,,,,142.0,24.0,,
2021,227,24,18,266472.0,,,43160.0,,,,,,0.0,0.0
2021,228,25,26,135504.0,,,65456.0,,,,269.0,190.0,,
2021,51,25,38,10058921.0,,,1741311.0,,,,2580.0,1024.0,344.0,114.0
2021,205,25,19,,,,,,,,,,,
2021,207,25,4,,,,,,,,,,,
2021,114,25,6,307727.0,,,78874.0,,,,573.0,271.0,,
2021,65,26,24,559600.0,,,30248.0,,,,181.0,124.0,,0.0
2021,138,26,7,,,,,,,,,,,
2021,166,26,33,217218.0,,,14284.0,,,,105.0,49.0,,
2021,274,27,90,708193.0,,,33009.0,,,,111.0,,0.0,0.0
2021,190,27,16,58971.0,,,14754.0,,,,669.0,205.0,0.0,0.0
2021,281,27,19,5019524.0,,,843930.0,,,,569.0,215.0,19.0,
2021,45,27,21,62920.0,,,4388.0,,,,,,0.0,0.0
2021,195,27,35,311295.0,,,138855.0,,,,311.0,220.0,,
2021,14,27,226,5035548.0,,,976246.0,,,,142.0,44.0,,0.0
2021,67,27,9,,,,,,,,,,,
2021,174,28,4,,,,,,,,,,,
2021,110,28,9,1824230.0,,,426208.0,,,,473.0,326.0,15.0,
2021,53,28,9,685473.0,,,132970.0,,,,318.0,214.0,11.0,
2021,201,28,9,325379.0,,,95994.0,,,,43.0,38.0,0.0,0.0
2021,104,28,18,,,,,,,,,,,
2021,59,28,14,699994.0,,,304489.0,,,,2864.0,2107.0,432.0,370.0
2021,34,28,32,1371176.0,,,58098.0,,,,152.0,127.0,,
2021,181,28,140,236560.0,,,16861.0,,,,4275.0,1312.0,0.0,0.0
2021,27,28,10,,,,,,,,,,,
2021,277,28,91,,,,,,,,,,,
2021,155,28,9,,,,,,,,,,,
2021,220,28,18,,,,,,,,,,,
2021,123,28,7,3102895.0,,,798433.0,,,,2993.0,1959.0,102.0,41.0
2021,150,28,22,283660.0,,,53576.0,,,,,,,0.0
2021,161,28,60,,,,,,,,,,,
2021,54,28,13,4830305.0,,,910712.0,,,,567.0,166.0,28.0,
2021,246,28,28,,,,,,,,,,,
2021,81,28,6,,,,,,,,,,,
2021,74,28,591,21896395.0,,,4403824.0,,,,6368.0,2475.0,109.0,41.0
2021,28,29,6,74793.0,,,19994.0,,,,142.0,88.0,0.0,0.0
2021,43,29,13,289826.0,,,58979.0,,,,77.0,,,
2021,79,29,4,951.0,,,274.0,,,,,0.0,0.0,0.0
2021,113,29,16,511968.0,,,114328.0,,,,538.0,258.0,,
2021,189,29,44,9043157.0,,,1168720.0,,,,3276.0,1098.0,28.0,17.0
2021,234,29,16,165596.0,,,28755.0,,,,27.0,12.0,,0.0
2021,38,30,9,872033.0,,,250857.0,,,,165.0,96.0,96.0,54.0
2021,87,30,5,104805.0,,,18799.0,,,,79.0,32.0,,0.0
2021,94,30,8,,,,,,,,,,,
2021,112,30,21,2456029.0,,,323020.0,,,,147.0,56.0,,
2021,261,30,18,,,,,,,,,,,
2021,2,30,5,57518.0,,,1736.0,,,,39.0,25.0,,0.0
2021,47,30,14,47651.0,,,20263.0,,,,674.0,386.0,0.0,0.0
2021,49,30,21,6613.0,,,610.0,,,,,,0.0,0.0
2021,105,30,4,17760.0,,,681.0,,,,,0.0,0.0,0.0
2021,244,30,9,,,,,,,,,,,
2021,250,30,14,5627954.0,,,887777.0,,,,646.0,144.0,,
2021,266,30,17,33749.0,,,4953.0,,,,18.0,,0.0,0.0
2021,159,31,8,225044.0,,,22447.0,,,,31.0,17.0,0.0,0.0
2021,264,31,42,78648.0,,,12468.0,,,,,,0.0,0.0
2021,18,31,12,202934.0,,,19062.0,,,,357.0,185.0,12.0,
2021,248,31,37,1969968.0,,,230792.0,,,,193.0,62.0,,
2021,233,31,20,161833.0,,,17964.0,,,,,,0.0,0.0
2021,93,31,32,408351.0,,,44808.0,,,,108.0,54.0,,0.0
2021,36,31,26,169135.0,,,11116.0,,,,,,0.0,0.0
2021,229,31,65,87492.0,,,18994.0,,,,36.0,26.0,0.0,0.0
2021,141,31,6,230821.0,,,51762.0,,,,393.0,234.0,,
2021,157,31,27,446021.0,,,45041.0,,,,118.0,72.0,0.0,0.0
2021,245,31,14,238742.0,,,30590.0,,,,0.0,0.0,,0.0
2021,97,31,104,1035815.0,,,126408.0,,,,126.0,52.0,0.0,0.0
2021,89,31,144,697277.0,,,62653.0,,,,169.0,77.0,28.0,
2021,66,32,13,423005.0,,,40641.0,,,,30.0,17.0,0.0,0.0
2021,139,32,13,460372.0,,,102459.0,,,,20.0,,0.0,0.0
2021,3,33,18,1092490.0,,,143184.0,,,,370.0,186.0,,
2021,98,33,7,64754.0,,,5303.0,,,,173.0,50.0,0.0,0.0
2022,1,24,10,842884.0,823528.0,19356.0,29277.0,24602.0,4675.0,2617.0,6904.0,1697.0,36.0,11.0
2022,3,33,17,839839.0,821613.0,18226.0,96625.0,89175.0,7450.0,139611.0,982.0,678.0,,
2022,4,18,146,18555115.0,17691687.0,863428.0,3534579.0,3337685.0,196894.0,1187284.0,1372.0,475.0,47.0,25.0
2022,5,10,20,54602.0,46808.0,7794.0,12983.0,7597.0,5386.0,3739.0,63.0,45.0,,
2022,9,3,5,1551789.0,1514223.0,37566.0,241150.0,229049.0,12101.0,35882.0,978.0,262.0,,
2022,11,18,14,,,,,,,,,,,
2022,12,4,13,518233.0,468750.0,49483.0,85118.0,54197.0,30921.0,33886.0,422.0,201.0,,
2022,14,27,116,3890238.0,3680920.0,209318.0,781026.0,634727.0,146299.0,216494.0,129.0,55.0,,
2022,16,16,8,33974.0,25568.0,8406.0,7166.0,4269.0,2897.0,8918.0,,,,
2022,18,31,12,189183.0,182301.0,6882.0,19313.0,16826.0,2487.0,2311.0,285.0,127.0,12.0,
2022,19,7,12,905997.0,819128.0,86869.0,221200.0,144773.0,76427.0,62382.0,,,,
2022,20,14,9,1547219.0,1291509.0,255710.0,230870.0,177498.0,53372.0,81674.0,140.0,48.0,45.0,
2022,22,6,28,18690833.0,17913858.0,776975.0,2175142.0,2167158.0,7984.0,1225820.0,2935.0,1276.0,78.0,26.0
2022,25,18,6,928.0,817.0,111.0,410.0,310.0,100.0,113.0,,,,
2022,26,11,14,264650.0,187370.0,77280.0,102061.0,52045.0,50016.0,37223.0,167.0,40.0,,
2022,27,28,10,21903.0,17056.0,4847.0,6677.0,4377.0,2300.0,1447.0,,,,
2022,28,29,7,53305.0,49408.0,3897.0,9903.0,7988.0,1915.0,5062.0,135.0,92.0,,
2022,29,8,7,640993.0,637079.0,3914.0,148600.0,147935.0,665.0,15179.0,61.0,28.0,,
2022,30,12,9,1837861.0,1796316.0,41545.0,293448.0,242993.0,50455.0,51906.0,227.0,85.0,21.0,
2022,31,6,9,,,,,,,,,,,
2022,32,13,31,4163006.0,3605654.0,557352.0,605600.0,574165.0,31435.0,21599.0,1428.0,490.0,116.0,47.0
2022,33,6,83,1550386.0,1305282.0,245104.0,767226.0,654725.0,112501.0,27281.0,54.0,37.0,,
2022,34,28,21,4787632.0,4277370.0,510262.0,746331.0,498535.0,247796.0,274862.0,2827.0,1355.0,33.0,25.0
2022,35,10,11,1453749.0,1434025.0,19724.0,169220.0,167432.0,1788.0,22631.0,227.0,102.0,17.0,
2022,36,31,19,319947.0,313587.0,6360.0,20805.0,19972.0,833.0,22279.0,11.0,,,
2022,37,20,32,1861119.0,1785628.0,75491.0,358477.0,294260.0,64217.0,186941.0,781.0,405.0,,
2022,40,23,20,454405.0,397303.0,57102.0,116523.0,87492.0,29031.0,56729.0,160.0,66.0,,
2022,42,6,48,14669221.0,12748561.0,1920660.0,2290345.0,1913915.0,376430.0,969584.0,4215.0,2497.0,,
2022,43,29,14,364739.0,323213.0,41526.0,79390.0,47527.0,31863.0,109.0,138.0,27.0,,
2022,44,4,11,159900.0,148205.0,11695.0,33491.0,26374.0,7117.0,11407.0,37.0,19.0,,
2022,45,27,14,125178.0,113202.0,11976.0,24331.0,16916.0,7415.0,7555.0,104.0,44.0,,
2022,46,17,9,417423.0,410171.0,7252.0,17939.0,15272.0,2667.0,912.0,1977.0,1531.0,13.0,
2022,48,9,12,1983093.0,1919981.0,63112.0,355168.0,306763.0,48405.0,66937.0,,,,
2022,51,25,51,10058654.0,9840399.0,218255.0,2326048.0,2127428.0,198620.0,569048.0,3055.0,1081.0,67.0,13.0
2022,52,20,26,567044.0,517970.0,49074.0,87345.0,71525.0,15820.0,34076.0,204.0,117.0,,
2022,54,28,12,4368414.0,3902036.0,466378.0,719075.0,586369.0,132706.0,103069.0,661.0,183.0,16.0,12.0
2022,55,10,26,2041180.0,1465595.0,575585.0,437526.0,273732.0,163794.0,112686.0,383.0,185.0,,
2022,56,22,16,237714.0,223790.0,13924.0,46369.0,42971.0,3398.0,20481.0,56.0,36.0,,
2022,57,22,14,1585151.0,1463787.0,121364.0,407502.0,325920.0,81582.0,211184.0,389.0,94.0,,
2022,58,22,14,449617.0,397995.0,51622.0,77989.0,52812.0,25177.0,26236.0,276.0,139.0,,
2022,59,28,16,13957062.0,12532905.0,1424157.0,2224044.0,1763710.0,460334.0,941684.0,2261.0,1362.0,660.0,586.0
2022,60,20,29,,,,,,,,,,,
2022,61,14,49,3099693.0,2980362.0,119331.0,249546.0,197730.0,51816.0,103749.0,394.0,18.0,42.0,
2022,63,6,60,29551178.0,28872821.0,678357.0,4109858.0,4109571.0,287.0,1537404.0,2913.0,1408.0,52.0,16.0
2022,64,17,61,929818.0,902193.0,27625.0,129504.0,122466.0,7038.0,12069.0,308.0,78.0,,
2022,65,26,26,878396.0,859370.0,19026.0,47803.0,41849.0,5954.0,19444.0,253.0,165.0,,
2022,66,32,15,544614.0,531328.0,13286.0,53962.0,52289.0,1673.0,1555.0,48.0,22.0,,
2022,67,27,7,,,,,,,,,,,
2022,69,17,21,93046.0,90720.0,2326.0,2424.0,2005.0,419.0,6448.0,30.0,,,
2022,70,4,9,34676.0,32177.0,2499.0,10614.0,8417.0,2197.0,4325.0,20.0,,0.0,0.0
2022,71,10,7,2055.0,1417.0,638.0,765.0,389.0,376.0,387.0,25.0,,,
2022,72,12,7,21542.0,17485.0,4057.0,8669.0,5720.0,2949.0,527.0,23.0,15.0,,
2022,73,15,12,1661238.0,1613136.0,48102.0,385851.0,354979.0,30872.0,231047.0,128.0,43.0,,
2022,74,28,588,14392640.0,13580083.0,812557.0,2872958.0,2666196.0,206762.0,179140.0,4657.0,2350.0,69.0,13.0
2022,75,25,13,,,,,,,,,,,
2022,77,22,16,,,,,,,,,,,
2022,78,12,24,2827124.0,2648334.0,178790.0,448633.0,385818.0,62815.0,175862.0,710.0,439.0,31.0,12.0
2022,79,29,3,2423.0,1889.0,534.0,1210.0,710.0,500.0,,,,,
2022,80,15,15,208594.0,201892.0,6702.0,46206.0,40451.0,5755.0,27081.0,60.0,28.0,,
2022,81,28,7,,,,,,,,,,,
2022,83,11,7,14060.0,11006.0,3054.0,6121.0,3685.0,2436.0,457.0,25.0,15.0,,
2022,84,10,218,15331610.0,14686160.0,645450.0,2464599.0,2230111.0,234488.0,1726748.0,814.0,253.0,41.0,16.0
2022,85,6,19,774457.0,722574.0,51883.0,137147.0,99831.0,37316.0,130787.0,350.0,174.0,,
2022,86,19,14,695086.0,690642.0,4444.0,78457.0,77379.0,1078.0,86.0,109.0,43.0,,
2022,89,31,44,631230.0,626070.0,5160.0,87189.0,86327.0,862.0,19380.0,150.0,31.0,,
2022,91,3,5,2413023.0,2217520.0,195503.0,299553.0,276111.0,23442.0,109816.0,161.0,71.0,,
2022,93,31,32,764951.0,728690.0,36261.0,79566.0,65095.0,14471.0,98858.0,140.0,92.0,,
2022,96,1,9,730872.0,689988.0,40884.0,182986.0,166188.0,16798.0,92859.0,271.0,128.0,,
2022,97,31,86,1139689.0,1099434.0,40255.0,140445.0,127692.0,12753.0,130631.0,215.0,111.0,,
2022,98,33,7,155261.0,135389.0,19872.0,15215.0,13268.0,1947.0,9315.0,100.0,19.0,,
2022,99,29,9,,,,,,,,,,,
2022,100,24,24,1057680.0,1005743.0,51937.0,175535.0,150744.0,24791.0,63607.0,172.0,53.0,15.0,
2022,101,12,14,124300.0,116430.0,7870.0,30910.0,24510.0,6400.0,10883.0,78.0,35.0,0.0,0.0
2022,103,14,7,143120.0,132379.0,10741.0,25405.0,20063.0,5342.0,14125.0,167.0,49.0,18.0,
2022,104,28,20,2655803.0,2041995.0,613808.0,1016980.0,615246.0,401734.0,424928.0,2328.0,931.0,15.0,
2022,108,6,27,27249753.0,24850547.0,2399206.0,3944322.0,2902781.0,1041541.0,1326728.0,9219.0,3890.0,105.0,81.0
2022,109,4,15,1522447.0,1371903.0,150544.0,584007.0,490972.0,93035.0,175865.0,1271.0,515.0,16.0,
2022,110,28,9,2568008.0,2426299.0,141709.0,366255.0,325281.0,40974.0,614591.0,893.0,518.0,13.0,
2022,111,22,24,2478227.0,2267859.0,210368.0,616908.0,504400.0,112508.0,166652.0,1178.0,872.0,,
2022,113,29,15,544785.0,535566.0,9219.0,118497.0,112076.0,6421.0,57175.0,532.0,189.0,15.0,
2022,114,25,7,111518.0,102995.0,8523.0,20676.0,17230.0,3446.0,10645.0,535.0,236.0,,
2022,115,10,16,232184.0,177262.0,54922.0,101032.0,62212.0,38820.0,29508.0,239.0,116.0,,
2022,116,12,12,65125.0,56496.0,8629.0,11898.0,7102.0,4796.0,4173.0,35.0,21.0,,
2022,117,7,16,353849.0,297827.0,56022.0,134242.0,94241.0,40001.0,56458.0,427.0,202.0,,
2022,118,18,6,8312.0,2856.0,5456.0,1898.0,1193.0,705.0,736.0,,,,
2022,121,7,6,,,,,,,,,,,
2022,122,23,13,89506.0,71800.0,17706.0,33021.0,21668.0,11353.0,13622.0,135.0,53.0,,
2022,123,28,8,555839.0,479698.0,76141.0,111170.0,83574.0,27596.0,45935.0,4151.0,2779.0,70.0,28.0
2022,124,9,26,180309.0,161269.0,19040.0,34073.0,20570.0,13503.0,9405.0,115.0,60.0,,
2022,125,22,15,610813.0,591198.0,19615.0,76534.0,65413.0,11121.0,41273.0,335.0,172.0,,
2022,127,2,12,12783034.0,12644297.0,138737.0,3328404.0,3214360.0,114044.0,1025974.0,1982.0,707.0,54.0,
2022,130,15,14,250838.0,231026.0,19812.0,53953.0,47452.0,6501.0,34903.0,82.0,35.0,,
2022,131,6,13,3294530.0,3129000.0,165530.0,754975.0,611580.0,143395.0,135989.0,960.0,217.0,18.0,
2022,132,15,27,183712.0,171086.0,12626.0,35323.0,28555.0,6768.0,5509.0,17.0,,,
2022,134,3,5,,,,,,,,,,,
2022,136,7,55,4161581.0,3813700.0,347881.0,1102038.0,904058.0,197980.0,601715.0,569.0,95.0,,
2022,138,26,14,,,,,,,,,,,
2022,139,32,18,473136.0,430096.0,43040.0,116865.0,87511.0,29354.0,43001.0,13.0,,,
2022,140,22,14,214949.0,194475.0,20474.0,56782.0,44158.0,12624.0,7098.0,170.0,114.0,,
2022,141,31,7,110033.0,104458.0,5575.0,16806.0,13822.0,2984.0,8140.0,258.0,90.0,,
2022,142,15,30,703012.0,669658.0,33354.0,138171.0,114296.0,23875.0,46532.0,330.0,175.0,0.0,0.0
2022,143,10,14,424692.0,400177.0,24515.0,118255.0,97334.0,20921.0,25538.0,64.0,26.0,,
2022,144,4,131,1182626.0,984699.0,197927.0,143462.0,85262.0,58200.0,86635.0,3103.0,1299.0,44.0,12.0
2022,145,2,18,,,,,,,,,,,
2022,146,6,10,229626.0,188432.0,41194.0,54771.0,36734.0,18037.0,20784.0,471.0,152.0,,
2022,147,11,21,3698183.0,3454952.0,243231.0,816976.0,645757.0,171219.0,357439.0,113.0,19.0,32.0,12.0
2022,148,10,5,54633.0,52032.0,2601.0,6797.0,5948.0,849.0,10906.0,,,,
2022,149,18,15,1828148.0,1647443.0,180705.0,628101.0,491960.0,136141.0,278098.0,1229.0,568.0,,
2022,151,6,35,2437196.0,2377267.0,59929.0,356828.0,308978.0,47850.0,16943.0,174.0,102.0,,
2022,153,24,11,573704.0,523527.0,50177.0,44341.0,18702.0,25639.0,20793.0,394.0,242.0,152.0,
2022,154,16,12,540389.0,498924.0,41465.0,162860.0,125555.0,37305.0,26190.0,51.0,18.0,,
2022,155,28,7,,,,,,,,,,,
2022,156,20,13,123364.0,116419.0,6945.0,20139.0,14715.0,5424.0,9993.0,102.0,50.0,,
2022,157,31,25,458552.0,445056.0,13496.0,64081.0,54813.0,9268.0,32847.0,153.0,103.0,0.0,0.0
2022,158,7,13,2230181.0,1956528.0,273653.0,396822.0,244361.0,152461.0,128697.0,1071.0,439.0,,
2022,159,31,7,233096.0,224919.0,8177.0,24594.0,22765.0,1829.0,49699.0,26.0,16.0,,
2022,160,14,27,867182.0,741382.0,125800.0,170813.0,129724.0,41089.0,71986.0,211.0,124.0,,
2022,161,28,64,700489.0,287625.0,412864.0,482312.0,98052.0,384260.0,11938.0,86.0,36.0,,
2022,162,23,6,,,,,,,,,,,
2022,164,21,13,150153.0,149497.0,656.0,31959.0,31314.0,645.0,3165.0,63.0,35.0,,
2022,165,7,15,1923509.0,1661639.0,261870.0,554919.0,361615.0,193304.0,175319.0,29.0,14.0,,
2022,166,26,32,438802.0,432992.0,5810.0,15106.0,13424.0,1682.0,8577.0,130.0,51.0,,
2022,167,8,11,12709.0,11136.0,1573.0,950.0,561.0,389.0,88.0,,,,
2022,169,14,10,345837.0,325878.0,19959.0,74867.0,60035.0,14832.0,27126.0,25.0,11.0,,
2022,171,18,11,1436774.0,799637.0,637137.0,733956.0,134490.0,599466.0,63946.0,153.0,89.0,,
2022,172,3,22,6174699.0,5679702.0,494997.0,804351.0,742861.0,61490.0,311905.0,537.0,227.0,,
2022,173,23,22,162514.0,120901.0,41613.0,35638.0,27634.0,8004.0,12216.0,52.0,24.0,,
2022,175,24,3,17210.0,16345.0,865.0,3026.0,2305.0,721.0,,12.0,,,
2022,177,5,24,,,,,,,,,,,
2022,178,22,7,653069.0,611173.0,41896.0,154619.0,137574.0,17045.0,92971.0,546.0,191.0,15.0,
2022,180,10,11,34737.0,30650.0,4087.0,8706.0,6512.0,2194.0,4305.0,,,,
2022,181,28,100,301628.0,260434.0,41194.0,28031.0,17943.0,10088.0,17681.0,203.0,57.0,,
2022,182,6,6,241072.0,225489.0,15583.0,25326.0,15920.0,9406.0,10909.0,65.0,32.0,,
2022,183,5,6,,,,,,,,,,,
2022,185,6,6,,,,,,,,,,,
2022,186,6,16,1417275.0,1103537.0,313738.0,558930.0,358239.0,200691.0,225700.0,1160.0,352.0,,
2022,189,29,25,9637535.0,9304836.0,332699.0,1534145.0,1366766.0,167379.0,776819.0,3884.0,1455.0,25.0,12.0
2022,190,27,13,700703.0,631225.0,69478.0,241003.0,195488.0,45515.0,92653.0,621.0,254.0,,
2022,191,2,14,370244.0,320011.0,50233.0,145178.0,113673.0,31505.0,47630.0,156.0,74.0,,
2022,192,15,12,169406.0,141734.0,27672.0,33936.0,17164.0,16772.0,11082.0,174.0,92.0,,
2022,193,18,13,15239.0,11057.0,4182.0,4724.0,1749.0,2975.0,967.0,19.0,,,
2022,194,13,12,69042.0,42885.0,26157.0,34390.0,14442.0,19948.0,7782.0,53.0,20.0,,
2022,195,27,32,2303124.0,1947548.0,355576.0,388383.0,320566.0,67817.0,154466.0,731.0,413.0,,
2022,196,3,7,2375274.0,2186944.0,188330.0,294942.0,273034.0,21908.0,111238.0,143.0,62.0,,
2022,198,7,32,19203579.0,17619920.0,1583659.0,3096227.0,2410742.0,685485.0,1071981.0,1465.0,785.0,,
2022,199,24,11,19750.0,15922.0,3828.0,1818.0,1164.0,654.0,123.0,76.0,39.0,,
2022,200,14,16,98023.0,77954.0,20069.0,40248.0,25778.0,14470.0,12601.0,66.0,25.0,,
2022,201,28,10,288975.0,288610.0,365.0,84060.0,83908.0,152.0,43049.0,26.0,,,
2022,202,10,9,,,,,,,,,,,
2022,203,5,6,,,,,,,,,,,
2022,205,25,11,,,,,,,,,,,
2022,207,25,6,,,,,,,,,,,
2022,209,19,27,56658.0,54794.0,1864.0,10299.0,8656.0,1643.0,5139.0,17.0,,0.0,0.0
2022,210,1,7,,,,,,,,,,,
2022,211,18,11,794178.0,746707.0,47471.0,164200.0,121708.0,42492.0,34750.0,97.0,21.0,,
2022,212,22,18,110752.0,106069.0,4683.0,17204.0,15017.0,2187.0,7638.0,29.0,21.0,,
2022,214,14,12,146769.0,138807.0,7962.0,16637.0,9983.0,6654.0,4108.0,69.0,56.0,,
2022,216,3,8,5282985.0,5254559.0,28426.0,802699.0,791699.0,11000.0,242675.0,7439.0,2119.0,17.0,
2022,217,21,20,942020.0,892450.0,49570.0,181467.0,154238.0,27229.0,63218.0,321.0,221.0,,
2022,218,5,18,992135.0,968454.0,23681.0,131230.0,127999.0,3231.0,1216.0,141.0,29.0,,
2022,219,11,26,3046929.0,2837226.0,209703.0,477181.0,405541.0,71640.0,216126.0,809.0,278.0,33.0,
2022,220,28,13,,,,,,,,,,,
2022,222,18,45,1240882.0,1118533.0,122349.0,236564.0,190418.0,46146.0,96993.0,465.0,276.0,,
2022,224,22,16,2439038.0,2238460.0,200578.0,568679.0,444660.0,124019.0,258033.0,533.0,227.0,25.0,
2022,225,14,12,32153.0,28038.0,4115.0,5666.0,3016.0,2650.0,1782.0,49.0,22.0,,
2022,227,24,17,404063.0,363786.0,40277.0,74057.0,42026.0,32031.0,155.0,199.0,31.0,41.0,
2022,228,25,24,1683696.0,1518301.0,165395.0,327510.0,269843.0,57667.0,119181.0,641.0,405.0,,
2022,229,31,77,299618.0,255744.0,43874.0,96686.0,68701.0,27985.0,51411.0,60.0,33.0,,
2022,231,16,9,135636.0,126068.0,9568.0,24393.0,18934.0,5459.0,11645.0,134.0,39.0,,
2022,232,31,12,,,,,,,,,,,
2022,233,31,18,249869.0,242187.0,7682.0,39797.0,35043.0,4754.0,16833.0,18.0,,,
2022,234,29,9,91684.0,85312.0,6372.0,23919.0,18141.0,5778.0,4242.0,18.0,,,
2022,235,7,10,203420.0,189293.0,14127.0,44657.0,37611.0,7046.0,14746.0,51.0,45.0,,
2022,237,7,48,496740.0,455071.0,41669.0,48217.0,36987.0,11230.0,604.0,2772.0,310.0,23.0,
2022,238,12,9,,,,,,,,,,,
2022,240,22,9,,,,,,,,,,,
2022,241,4,5,,,,,,,,,,,
2022,242,10,44,71532.0,70893.0,639.0,7776.0,7481.0,295.0,2617.0,18.0,,,
2022,243,6,20,2998719.0,2425891.0,572828.0,571820.0,420671.0,151149.0,169165.0,288.0,186.0,,
2022,245,31,14,489417.0,471398.0,18019.0,70510.0,61292.0,9218.0,71036.0,14.0,,,
2022,246,28,28,3234445.0,2238445.0,996000.0,794287.0,407805.0,386482.0,260903.0,210.0,128.0,85.0,82.0
2022,248,31,31,2916221.0,2820526.0,95695.0,506014.0,465910.0,40104.0,242081.0,262.0,83.0,,
2022,249,23,93,7951344.0,7664353.0,286991.0,1239906.0,1144634.0,95272.0,80725.0,644.0,178.0,15.0,
2022,251,19,26,578249.0,565568.0,12681.0,31641.0,25790.0,5851.0,7980.0,168.0,98.0,,
2022,252,7,24,12191.0,7974.0,4217.0,1488.0,822.0,666.0,135.0,60.0,26.0,,
2022,254,16,23,6930590.0,6554752.0,375838.0,1075256.0,910311.0,164945.0,365642.0,653.0,355.0,,
2022,255,13,22,,,,,,,,,,,
2022,256,4,29,2245568.0,2058336.0,187232.0,303683.0,270924.0,32759.0,138284.0,310.0,139.0,,
2022,258,23,11,131557.0,112573.0,18984.0,23567.0,16348.0,7219.0,7077.0,92.0,63.0,,
2022,260,9,47,828539.0,776536.0,52003.0,154670.0,111015.0,43655.0,75806.0,368.0,186.0,,0.0
2022,262,12,11,130064.0,125691.0,4373.0,29509.0,25771.0,3738.0,16313.0,31.0,18.0,,
2022,263,11,12,,,,,,,,,,,
2022,264,31,34,214212.0,206749.0,7463.0,17014.0,15174.0,1840.0,30096.0,,,,
2022,265,12,12,,,,,,,,,,,
2022,267,15,13,,,,,,,,,,,
2022,268,15,8,5781.0,5638.0,143.0,1148.0,1005.0,143.0,113.0,,,,
2022,269,21,14,1290902.0,1251436.0,39466.0,267702.0,246037.0,21665.0,168032.0,75.0,36.0,,
2022,270,11,9,,,,,,,,,,,
2022,271,13,9,353848.0,328768.0,25080.0,44691.0,41584.0,3107.0,1497.0,95.0,32.0,,
2022,272,16,13,,,,,,,,,,,
2022,273,4,12,192053.0,180629.0,11424.0,33809.0,23780.0,10029.0,7102.0,26.0,12.0,,
2022,275,29,5,,,,,,,,,,,
2022,276,14,27,3513961.0,3394251.0,119710.0,689085.0,600034.0,89051.0,296161.0,196.0,166.0,43.0,
2022,278,13,27,28579.0,20583.0,7996.0,4781.0,1615.0,3166.0,2513.0,49.0,17.0,,
2022,279,23,11,199797.0,189554.0,10243.0,21885.0,18554.0,3331.0,1902.0,88.0,59.0,,
2022,280,10,27,,,,,,,,,,,
2022,281,27,12,5108514.0,4953035.0,155479.0,1016148.0,884137.0,132011.0,236145.0,793.0,235.0,13.0,
2022,282,15,28,6361819.0,5979736.0,382083.0,976028.0,851074.0,124954.0,403371.0,1374.0,814.0,26.0,
2022,283,22,16,1933799.0,1859204.0,74595.0,265688.0,192874.0,72814.0,377380.0,632.0,356.0,12.0,
2023,1,24,9,459999.0,452760.0,7239.0,12065.0,9756.0,2309.0,1944.0,4055.0,946.0,,0.0
2023,3,33,11,990473.0,976451.0,14022.0,192396.0,187139.0,5257.0,128140.0,536.0,307.0,,0.0
2023,4,18,99,19086297.0,18257563.0,828734.0,3731867.0,3451238.0,280629.0,1499758.0,1861.0,665.0,77.0,41.0
2023,5,10,13,59836.0,49013.0,10823.0,17656.0,10211.0,7445.0,1435.0,722.0,238.0,11.0,0.0
2023,6,28,6,,,,,,,,,,,
2023,8,21,7,,,,,,,,,,,
2023,9,3,6,1387835.0,1360502.0,27333.0,248309.0,239109.0,9200.0,33345.0,1164.0,398.0,,
2023,11,18,19,10705.0,7190.0,3515.0,4891.0,2433.0,2458.0,1165.0,0.0,0.0,0.0,0.0
2023,12,4,11,163488.0,149097.0,14391.0,36030.0,25984.0,10046.0,3603.0,3100.0,1582.0,27.0,
2023,14,27,94,5208743.0,4493833.0,714910.0,1405227.0,939798.0,465429.0,227192.0,463.0,154.0,,0.0
2023,16,16,7,109820.0,105044.0,4776.0,18502.0,17122.0,1380.0,32769.0,61.0,42.0,0.0,0.0
2023,18,31,10,217091.0,209169.0,7922.0,21481.0,18276.0,3205.0,1741.0,320.0,154.0,,
2023,20,14,9,1688728.0,1423397.0,265331.0,265328.0,207020.0,58308.0,106691.0,175.0,69.0,289.0,53.0
2023,22,6,33,22059464.0,21253164.0,806300.0,3982352.0,3923703.0,58649.0,1395743.0,2677.0,1183.0,97.0,33.0
2023,25,18,8,248740.0,207490.0,41250.0,106857.0,81208.0,25649.0,64567.0,48.0,34.0,0.0,0.0
2023,26,11,14,1028777.0,765012.0,263765.0,211683.0,77614.0,134069.0,166968.0,829.0,353.0,,
2023,27,28,10,111108.0,93409.0,17699.0,32356.0,23838.0,8518.0,8078.0,26.0,20.0,0.0,0.0
2023,28,29,7,58407.0,55255.0,3152.0,17585.0,15592.0,1993.0,10057.0,37.0,27.0,0.0,0.0
2023,29,8,7,677717.0,673684.0,4033.0,163746.0,162934.0,812.0,14855.0,82.0,38.0,,0.0
2023,30,12,9,1293808.0,1239867.0,53941.0,180122.0,145732.0,34390.0,24628.0,207.0,97.0,57.0,21.0
2023,31,6,13,12417857.0,11920740.0,497117.0,2857475.0,2654415.0,203060.0,816155.0,988.0,381.0,21.0,
2023,32,13,35,5056437.0,4538750.0,517687.0,766647.0,755465.0,11182.0,3510.0,1696.0,586.0,145.0,46.0
2023,33,6,64,534944.0,473890.0,61054.0,176458.0,147403.0,29055.0,27902.0,27.0,19.0,,
2023,34,28,65,2134298.0,1845992.0,288306.0,479462.0,337877.0,141585.0,50023.0,23598.0,12338.0,87.0,24.0
2023,35,10,14,1541297.0,1507897.0,33400.0,189595.0,187861.0,1734.0,26107.0,221.0,88.0,18.0,
2023,36,31,18,371625.0,363667.0,7958.0,24950.0,24127.0,823.0,21717.0,13.0,,,0.0
2023,37,20,36,1512224.0,1463354.0,48870.0,296611.0,258233.0,38378.0,149711.0,903.0,406.0,16.0,
2023,40,23,30,405031.0,359100.0,45931.0,108741.0,85961.0,22780.0,48806.0,130.0,66.0,,
2023,43,29,11,404731.0,357406.0,47325.0,84286.0,49031.0,35255.0,147.0,487.0,60.0,11.0,
2023,44,4,15,2374950.0,1912839.0,462111.0,724792.0,422220.0,302572.0,138656.0,278.0,128.0,,0.0
2023,45,27,12,118815.0,107782.0,11033.0,31529.0,23249.0,8280.0,2534.0,1776.0,911.0,12.0,
2023,46,17,8,170816.0,164025.0,6791.0,10088.0,4831.0,5257.0,772.0,977.0,226.0,0.0,0.0
2023,48,9,10,4540785.0,4366324.0,174461.0,893834.0,753627.0,140207.0,216530.0,308.0,128.0,,
2023,51,25,73,11742282.0,11459827.0,282455.0,2459239.0,2183048.0,276191.0,230945.0,3022.0,1231.0,302.0,107.0
2023,52,20,17,1574742.0,1472850.0,101892.0,205202.0,180442.0,24760.0,89167.0,552.0,267.0,12.0,
2023,54,28,9,7733538.0,6915555.0,817983.0,1548772.0,1238096.0,310676.0,1103257.0,1223.0,291.0,21.0,14.0
2023,55,10,17,2044088.0,1681947.0,362141.0,299109.0,230759.0,68350.0,91116.0,314.0,140.0,,
2023,56,22,10,281939.0,263962.0,17977.0,57399.0,51849.0,5550.0,193090.0,74.0,32.0,,
2023,57,22,12,3557782.0,3309316.0,248466.0,896557.0,731789.0,164768.0,484776.0,793.0,259.0,,
2023,58,22,11,149887.0,130353.0,19534.0,34146.0,24643.0,9503.0,2263.0,1745.0,777.0,34.0,
2023,59,28,11,19905468.0,17855127.0,2050341.0,2422206.0,2094669.0,327537.0,1119410.0,3183.0,1861.0,109.0,65.0
2023,60,20,48,543271.0,520183.0,23088.0,110225.0,87307.0,22918.0,18329.0,802.0,193.0,13.0,
2023,61,14,49,3452192.0,3354862.0,97330.0,265437.0,225909.0,39528.0,106199.0,125.0,30.0,32.0,
2023,62,27,9,,,,,,,,,,,
2023,63,6,76,39667813.0,39268216.0,399597.0,9966941.0,9940136.0,26805.0,2564919.0,2937.0,1130.0,79.0,21.0
2023,64,17,67,253794.0,237510.0,16284.0,98238.0,93689.0,4549.0,880.0,232.0,61.0,,
2023,65,26,18,651392.0,621978.0,29414.0,42512.0,31344.0,11168.0,14762.0,258.0,169.0,,
2023,66,32,15,797347.0,778251.0,19096.0,86316.0,83283.0,3033.0,2095.0,77.0,19.0,,0.0
2023,68,22,16,,,,,,,,,,,
2023,69,17,15,757051.0,694579.0,62472.0,65958.0,39839.0,26119.0,37215.0,1419.0,320.0,27.0,
2023,71,10,7,101667.0,91489.0,10178.0,36626.0,31949.0,4677.0,24104.0,34.0,13.0,,
2023,73,15,10,2739949.0,2591355.0,148594.0,259127.0,184969.0,74158.0,354027.0,185.0,74.0,0.0,0.0
2023,74,28,540,41368969.0,39937122.0,1431847.0,9992111.0,9593132.0,398979.0,373181.0,10968.0,6208.0,134.0,35.0
2023,75,25,12,,,,,,,,,,,
2023,76,25,5,,,,,,,,,,,
2023,77,22,18,448360.0,345239.0,103121.0,194892.0,125776.0,69116.0,58040.0,342.0,161.0,,
2023,78,12,17,3898158.0,3613719.0,284439.0,551534.0,487012.0,64522.0,235173.0,1343.0,639.0,27.0,20.0
2023,79,29,3,2347.0,2237.0,110.0,712.0,618.0,94.0,0.0,,0.0,,
2023,80,15,12,167954.0,164345.0,3609.0,36847.0,33913.0,2934.0,17880.0,38.0,,,0.0
2023,81,28,7,53.0,38.0,15.0,0.0,0.0,0.0,0.0,0.0,0.0,0.0,0.0
2023,82,11,17,,,,,,,,,,,
2023,84,10,220,10958266.0,10556396.0,401870.0,2314981.0,2169193.0,145788.0,126932.0,2232.0,694.0,84.0,41.0
2023,85,6,22,1915011.0,1826300.0,88711.0,405474.0,352972.0,52502.0,128945.0,412.0,178.0,,
2023,86,19,13,611353.0,606207.0,5146.0,107878.0,89205.0,18673.0,21113.0,141.0,48.0,,
2023,89,31,72,611211.0,603804.0,7407.0,52782.0,48608.0,4174.0,17871.0,160.0,25.0,,
2023,91,3,5,1998656.0,1893336.0,105320.0,247094.0,234093.0,13001.0,92607.0,392.0,105.0,0.0,0.0
2023,93,31,32,1067889.0,1021773.0,46116.0,202937.0,182583.0,20354.0,41507.0,140.0,92.0,,0.0
2023,96,1,8,777447.0,732654.0,44793.0,209734.0,186285.0,23449.0,73874.0,252.0,125.0,,
2023,97,31,30,1137681.0,1097330.0,40351.0,127731.0,113095.0,14636.0,1213945.0,144.0,73.0,0.0,0.0
2023,98,33,7,573049.0,522287.0,50762.0,61920.0,43501.0,18419.0,30517.0,1095.0,259.0,,0.0
2023,99,29,9,,,,,,,,,,,
2023,100,24,13,997817.0,954353.0,43464.0,166323.0,143470.0,22853.0,56207.0,149.0,48.0,15.0,
2023,101,12,9,74488.0,70039.0,4449.0,18708.0,15020.0,3688.0,7129.0,53.0,20.0,0.0,0.0
2023,103,14,7,549211.0,516902.0,32309.0,145834.0,127780.0,18054.0,90436.0,116.0,52.0,,0.0
2023,104,28,16,5751304.0,4410706.0,1340598.0,2205234.0,1371536.0,833698.0,936108.0,4765.0,1651.0,26.0,
2023,106,14,17,,,,,,,,,,,
2023,108,6,22,17953021.0,16627306.0,1325715.0,3397708.0,2806266.0,591442.0,329383.0,221043.0,99456.0,571.0,92.0
2023,109,4,14,1873819.0,1711443.0,162376.0,782383.0,678094.0,104289.0,246892.0,2220.0,922.0,17.0,
2023,110,28,9,6023772.0,5211245.0,812527.0,1148016.0,993379.0,154637.0,1267721.0,1095.0,710.0,29.0,20.0
2023,111,22,17,3247612.0,2964447.0,283165.0,509038.0,427746.0,81292.0,208195.0,604.0,391.0,,
2023,113,29,12,575726.0,569517.0,6209.0,112891.0,107936.0,4955.0,37289.0,448.0,183.0,,
2023,114,25,7,930672.0,869323.0,61349.0,240887.0,217809.0,23078.0,143526.0,331.0,151.0,,
2023,115,10,13,579960.0,486710.0,93250.0,249677.0,181665.0,68012.0,76277.0,691.0,271.0,,
2023,116,12,9,41772.0,37896.0,3876.0,9514.0,7449.0,2065.0,626.0,403.0,220.0,,0.0
2023,118,18,6,9006.0,3145.0,5861.0,1861.0,1140.0,721.0,773.0,,0.0,0.0,0.0
2023,119,6,13,,,,,,,,,,,
2023,122,23,13,180308.0,136956.0,43352.0,72747.0,44938.0,27809.0,26448.0,166.0,47.0,0.0,0.0
2023,123,28,8,1451577.0,1357022.0,94555.0,407844.0,368184.0,39660.0,239787.0,3607.0,1314.0,39.0,14.0
2023,124,9,20,207959.0,181038.0,26921.0,51685.0,32239.0,19446.0,4045.0,2102.0,916.0,,
2023,125,22,12,158204.0,152068.0,6136.0,18299.0,14491.0,3808.0,9013.0,1758.0,788.0,42.0,
2023,127,2,12,13274014.0,13033751.0,240263.0,4749335.0,4533017.0,216318.0,975225.0,1730.0,806.0,80.0,0.0
2023,128,28,21,,,,,,,,,,,
2023,130,15,10,178534.0,164918.0,13616.0,31348.0,26150.0,5198.0,24484.0,39.0,15.0,0.0,0.0
2023,131,6,10,4874686.0,4657948.0,216738.0,1131964.0,948441.0,183523.0,202582.0,1144.0,309.0,14.0,
2023,132,15,10,747709.0,694487.0,53222.0,160256.0,132463.0,27793.0,38826.0,71.0,31.0,0.0,0.0
2023,133,9,17,,,,,,,,,,,
2023,134,3,6,,,,,,,,,,,
2023,135,6,38,,,,,,,,,,,
2023,137,33,12,,,,,,,,,,,
2023,138,26,14,301491.0,291888.0,9603.0,50227.0,45145.0,5082.0,15094.0,42.0,20.0,,0.0
2023,139,32,20,497747.0,439920.0,57827.0,151681.0,105810.0,45871.0,50680.0,,0.0,0.0,0.0
2023,140,22,17,248503.0,231936.0,16567.0,68297.0,57441.0,10856.0,7994.0,244.0,168.0,,
2023,141,31,7,221288.0,214084.0,7204.0,53653.0,49047.0,4606.0,30624.0,127.0,72.0,,0.0
2023,142,15,30,446137.0,423618.0,22519.0,106035.0,88018.0,18017.0,46038.0,220.0,97.0,0.0,0.0
2023,143,10,6,372988.0,347240.0,25748.0,114129.0,90407.0,23722.0,14481.0,53.0,24.0,,0.0
2023,144,4,120,1417132.0,1370518.0,46614.0,265397.0,222893.0,42504.0,278963.0,2209.0,1038.0,50.0,14.0
2023,145,2,17,979497.0,714117.0,265380.0,174013.0,121096.0,52917.0,58579.0,218.0,73.0,0.0,0.0
2023,146,6,10,827742.0,760653.0,67089.0,278965.0,244390.0,34575.0,277649.0,732.0,212.0,,0.0
2023,147,11,22,3192656.0,2965521.0,227135.0,749496.0,576156.0,173340.0,410043.0,100.0,30.0,83.0,83.0
2023,148,10,5,69923.0,67263.0,2660.0,8576.0,7524.0,1052.0,15372.0,,,0.0,0.0
2023,149,18,13,1637927.0,1461941.0,175986.0,570269.0,436437.0,133832.0,287233.0,1513.0,625.0,,
2023,151,6,28,2991430.0,2900945.0,90485.0,473226.0,405810.0,67416.0,37504.0,667.0,157.0,24.0,13.0
2023,152,9,12,,,,,,,,,,,
2023,153,24,11,544532.0,502058.0,42474.0,43481.0,19130.0,24351.0,17008.0,513.0,391.0,,
2023,154,16,10,832665.0,783392.0,49273.0,244384.0,200728.0,43656.0,35297.0,95.0,38.0,0.0,0.0
2023,156,20,10,24997.0,23767.0,1230.0,5358.0,4349.0,1009.0,888.0,801.0,464.0,,
2023,157,31,27,443935.0,432320.0,11615.0,67826.0,60354.0,7472.0,35967.0,135.0,77.0,,0.0
2023,159,31,7,219667.0,212377.0,7290.0,20364.0,18094.0,2270.0,47602.0,18.0,12.0,,
2023,160,14,17,1441713.0,1250223.0,191490.0,277117.0,231404.0,45713.0,133763.0,341.0,135.0,,
2023,161,28,12,9161325.0,8083776.0,1077549.0,2682053.0,2209984.0,472069.0,262217.0,1811.0,386.0,71.0,14.0
2023,162,23,6,,,,,,,,,,,
2023,164,21,9,110745.0,110436.0,309.0,28357.0,28102.0,255.0,2248.0,43.0,23.0,,0.0
2023,166,26,29,439847.0,433953.0,5894.0,10565.0,6325.0,4240.0,153.0,223.0,122.0,,0.0
2023,167,8,10,15008.0,13130.0,1878.0,1126.0,660.0,466.0,105.0,21.0,,0.0,0.0
2023,169,14,10,437113.0,406649.0,30464.0,97366.0,74036.0,23330.0,34486.0,35.0,11.0,0.0,0.0
2023,171,18,14,9237233.0,8579391.0,657842.0,1693812.0,1330377.0,363435.0,591996.0,658.0,295.0,,
2023,172,3,18,6312329.0,6001878.0,310451.0,779924.0,745529.0,34395.0,313073.0,1574.0,541.0,,
2023,173,23,15,1049656.0,803944.0,245712.0,205374.0,170942.0,34432.0,72366.0,279.0,97.0,,0.0
2023,174,28,4,102375.0,92909.0,9466.0,30081.0,23797.0,6284.0,1797.0,16.0,,1797.0,714.0
2023,175,24,3,9952.0,9708.0,244.0,1065.0,866.0,199.0,0.0,,,0.0,0.0
2023,177,5,17,,,,,,,,,,,
2023,178,22,10,1318297.0,1220402.0,97895.0,336087.0,294198.0,41889.0,195667.0,516.0,153.0,,
2023,181,28,160,941478.0,788742.0,152736.0,166159.0,115734.0,50425.0,15392.0,596.0,76.0,0.0,0.0
2023,182,6,6,432509.0,404627.0,27882.0,48115.0,31671.0,16444.0,13447.0,147.0,56.0,,
2023,183,5,2,72242.0,60919.0,11323.0,22590.0,13615.0,8975.0,3766.0,,,0.0,0.0
2023,185,6,8,37309.0,25325.0,11984.0,23787.0,13650.0,10137.0,6390.0,0.0,0.0,0.0,0.0
2023,186,6,14,2780791.0,2285558.0,495233.0,1061296.0,740703.0,320593.0,413084.0,2728.0,752.0,21.0,
2023,187,4,16,,,,,,,,,,,
2023,189,29,21,8004160.0,7757055.0,247105.0,1575652.0,1444289.0,131363.0,591097.0,4440.0,1428.0,44.0,23.0
2023,190,27,12,1246728.0,1096200.0,150528.0,435743.0,333027.0,102716.0,158045.0,1109.0,423.0,,0.0
2023,191,2,13,1044392.0,770887.0,273505.0,508004.0,320530.0,187474.0,116586.0,597.0,174.0,,
2023,192,15,9,101961.0,88515.0,13446.0,27222.0,19243.0,7979.0,1806.0,974.0,479.0,13.0,0.0
2023,193,18,20,7541.0,5363.0,2178.0,2890.0,1223.0,1667.0,93.0,71.0,26.0,0.0,0.0
2023,194,13,13,286437.0,182887.0,103550.0,151944.0,75075.0,76869.0,32761.0,143.0,33.0,,0.0
2023,195,27,19,6425902.0,5341073.0,1084829.0,1028432.0,817958.0,210474.0,364791.0,1746.0,810.0,,
2023,196,3,7,1972597.0,1871499.0,101098.0,240946.0,229346.0,11600.0,91392.0,413.0,133.0,0.0,0.0
2023,199,24,9,13232.0,10670.0,2562.0,1217.0,779.0,438.0,82.0,51.0,22.0,0.0,0.0
2023,200,14,13,258752.0,197757.0,60995.0,117736.0,76422.0,41314.0,37458.0,198.0,47.0,0.0,0.0
2023,201,28,7,253760.0,253415.0,345.0,71156.0,71030.0,126.0,34508.0,12.0,,,
2023,202,10,2,,,,,,,,,,,
2023,203,5,8,3688.0,3427.0,261.0,1910.0,1709.0,201.0,976.0,0.0,0.0,0.0,0.0
2023,204,11,16,,,,,,,,,,,
2023,206,20,14,,,,,,,,,,,
2023,207,25,8,75741.0,61346.0,14395.0,34455.0,26256.0,8199.0,16954.0,,,0.0,0.0
2023,209,19,27,56382.0,53942.0,2440.0,12876.0,10572.0,2304.0,6793.0,29.0,14.0,0.0,0.0
2023,210,1,7,,,,,,,,,,,
2023,211,18,7,1112498.0,1043043.0,69455.0,238678.0,178998.0,59680.0,54914.0,140.0,33.0,,0.0
2023,212,22,20,151062.0,143428.0,7634.0,25673.0,22062.0,3611.0,10756.0,29.0,21.0,0.0,0.0
2023,214,14,9,150359.0,142038.0,8321.0,30611.0,22744.0,7867.0,3625.0,27.0,20.0,0.0,0.0
2023,216,3,6,5946262.0,5906543.0,39719.0,974636.0,959814.0,14822.0,224233.0,7480.0,2341.0,23.0,12.0
2023,217,21,18,755341.0,724455.0,30886.0,97262.0,87720.0,9542.0,50466.0,424.0,304.0,0.0,0.0
2023,218,5,18,1093110.0,1063273.0,29837.0,156412.0,146665.0,9747.0,2807.0,196.0,58.0,,
2023,220,28,22,6667945.0,6310040.0,357905.0,1721710.0,1396626.0,325084.0,254032.0,969.0,572.0,,
2023,222,18,31,4224662.0,3494752.0,729910.0,648469.0,535759.0,112710.0,281401.0,1202.0,493.0,,
2023,224,22,19,2277706.0,2082858.0,194848.0,575118.0,445243.0,129875.0,275735.0,257.0,111.0,59.0,23.0
2023,225,14,9,22475.0,19725.0,2750.0,5494.0,3811.0,1683.0,238.0,305.0,155.0,,
2023,227,24,12,410101.0,389009.0,21092.0,53353.0,36721.0,16632.0,288.0,616.0,88.0,47.0,
2023,228,25,17,4573430.0,4035452.0,537978.0,693523.0,594074.0,99449.0,265866.0,755.0,380.0,,
2023,229,31,72,1164111.0,1063009.0,101102.0,144331.0,81887.0,62444.0,184180.0,158.0,66.0,0.0,0.0
2023,231,16,9,267296.0,254307.0,12989.0,67126.0,58905.0,8221.0,38382.0,28.0,12.0,0.0,0.0
2023,232,31,13,,,,,,,,,,,
2023,233,31,26,248982.0,241528.0,7454.0,41356.0,36552.0,4804.0,7632.0,20.0,,0.0,0.0
2023,238,12,14,,,,,,,,,,,
2023,240,22,13,,,,,,,,,,,
2023,241,4,5,283.0,145.0,138.0,0.0,0.0,0.0,0.0,0.0,0.0,0.0,0.0
2023,242,10,36,72879.0,71597.0,1282.0,5684.0,4921.0,763.0,2391.0,18.0,,0.0,0.0
2023,243,6,7,7601357.0,5463460.0,2137897.0,1181151.0,922681.0,258470.0,429526.0,1053.0,373.0,,
2023,245,31,12,444226.0,430766.0,13460.0,55234.0,48665.0,6569.0,67698.0,36.0,11.0,,
2023,246,28,28,10282176.0,6424284.0,3857892.0,1586677.0,983317.0,603360.0,620874.0,1253.0,721.0,23.0,11.0
2023,248,31,19,3045634.0,2954348.0,91286.0,512685.0,475594.0,37091.0,293220.0,310.0,104.0,,
2023,249,23,88,8890841.0,8359015.0,531826.0,2144523.0,1960087.0,184436.0,107580.0,1581.0,376.0,59.0,22.0
2023,251,19,18,437822.0,420859.0,16963.0,28935.0,20447.0,8488.0,9639.0,135.0,86.0,,
2023,254,16,17,8896196.0,8387542.0,508654.0,1316218.0,1146839.0,169379.0,455480.0,953.0,425.0,0.0,0.0
2023,255,13,17,,,,,,,,,,,
2023,256,4,17,3986626.0,3589419.0,397207.0,604115.0,468270.0,135845.0,338043.0,578.0,359.0,19.0,
2023,258,23,10,316490.0,238001.0,78489.0,73742.0,51193.0,22549.0,4031.0,1974.0,776.0,11.0,
2023,260,9,45,652278.0,607254.0,45024.0,150867.0,111316.0,39551.0,69817.0,281.0,126.0,,
2023,262,12,8,114009.0,111483.0,2526.0,25177.0,23072.0,2105.0,13344.0,27.0,12.0,,
2023,263,11,8,431462.0,349189.0,82273.0,166594.0,97127.0,69467.0,26487.0,51.0,23.0,0.0,0.0
2023,264,31,21,248974.0,243212.0,5762.0,22078.0,20516.0,1562.0,42298.0,27.0,,0.0,0.0
2023,265,12,15,413551.0,321820.0,91731.0,181789.0,115457.0,66332.0,36017.0,691.0,271.0,,
2023,267,15,13,576018.0,468826.0,107192.0,200129.0,124591.0,75538.0,88062.0,589.0,176.0,,
2023,268,15,7,7417.0,7205.0,212.0,1291.0,1079.0,212.0,331.0,,0.0,,0.0
2023,269,21,12,1956432.0,1899917.0,56515.0,414042.0,377477.0,36565.0,261336.0,244.0,89.0,0.0,0.0
2023,270,11,14,,,,,,,,,,,
2023,271,13,8,643013.0,594185.0,48828.0,83521.0,79444.0,4077.0,249.0,213.0,75.0,20.0,
2023,272,16,15,168852.0,145357.0,23495.0,62706.0,46398.0,16308.0,23941.0,64.0,21.0,,0.0
2023,273,4,8,250393.0,232830.0,17563.0,52030.0,36044.0,15986.0,11223.0,31.0,15.0,,0.0
2023,275,29,5,,,,,,,,,,,
2023,276,14,22,3140919.0,3039317.0,101602.0,630261.0,553611.0,76650.0,272593.0,123.0,109.0,39.0,
2023,278,13,45,122265.0,81774.0,40491.0,35863.0,14107.0,21756.0,1179.0,260.0,27.0,0.0,0.0
2023,279,23,10,173486.0,164431.0,9055.0,19515.0,16854.0,2661.0,1531.0,142.0,69.0,0.0,0.0
2023,280,10,14,185335.0,167244.0,18091.0,45153.0,33764.0,11389.0,5275.0,53.0,26.0,,
2023,281,27,9,4588517.0,4427893.0,160624.0,964516.0,829096.0,135420.0,201407.0,806.0,342.0,,
2023,282,15,17,5990482.0,5605715.0,384767.0,836076.0,749839.0,86237.0,350520.0,0.0,0.0,0.0,0.0
2023,283,22,13,1808068.0,1725912.0,82156.0,300554.0,227431.0,73123.0,230120.0,1017.0,541.0,22.0,
2024,1,24,9,4979.0,3771.0,1208.0,996.0,658.0,338.0,72.0,136.0,12.0,,0.0
2024,3,33,11,1333619.0,1305051.0,28568.0,240656.0,229909.0,10747.0,179821.0,434.0,173.0,,
2024,4,18,117,16959958.0,16183703.0,776255.0,3217713.0,3116071.0,101642.0,1434145.0,2160.0,779.0,88.0,44.0
2024,6,28,6,,,,,,,,,,,
2024,8,21,7,,,,,,,,,,,
2024,9,3,8,1530994.0,1506621.0,24373.0,257411.0,248827.0,8584.0,32266.0,1247.0,363.0,,0.0
2024,10,20,17,,,,,,,,,,,
2024,11,18,21,207708.0,158212.0,49496.0,76854.0,44782.0,32072.0,26771.0,728.0,95.0,,0.0
2024,12,4,18,344800.0,292877.0,51923.0,119454.0,82246.0,37208.0,16161.0,4434.0,918.0,152.0,50.0
2024,13,6,5,,,,,,,,,,,
2024,14,27,96,7365517.0,6270421.0,1095096.0,1976181.0,1323501.0,652680.0,366063.0,587.0,264.0,,
2024,20,14,9,2242734.0,1807844.0,434890.0,311159.0,236257.0,74902.0,116709.0,203.0,95.0,78.0,
2024,22,6,33,23252714.0,22220889.0,1031825.0,4500594.0,4251990.0,248604.0,1432732.0,3012.0,1433.0,170.0,78.0
2024,24,2,9,,,,,,,,,,,
2024,25,18,8,456084.0,387771.0,68313.0,139608.0,109227.0,30381.0,105065.0,74.0,47.0,0.0,0.0
2024,26,11,15,3553957.0,2552004.0,1001953.0,807186.0,267110.0,540076.0,241484.0,1174.0,359.0,,0.0
2024,27,28,5,150551.0,142112.0,8439.0,42672.0,34484.0,8188.0,8859.0,39.0,14.0,,0.0
2024,28,29,8,129448.0,125008.0,4440.0,30751.0,28618.0,2133.0,21556.0,78.0,56.0,0.0,0.0
2024,29,8,7,727519.0,723658.0,3861.0,198952.0,198069.0,883.0,15841.0,104.0,52.0,0.0,0.0
2024,30,12,9,1100878.0,1042704.0,58174.0,171711.0,134229.0,37482.0,22088.0,174.0,96.0,12.0,
2024,32,13,40,6029822.0,5472870.0,556952.0,1002520.0,993016.0,9504.0,2896.0,1813.0,602.0,247.0,56.0
2024,33,6,64,469288.0,431996.0,37292.0,134771.0,118089.0,16682.0,7543.0,25.0,,0.0,0.0
2024,34,28,100,3521352.0,3001076.0,520276.0,1050350.0,764285.0,286065.0,175826.0,38325.0,9061.0,517.0,176.0
2024,36,31,16,478102.0,466789.0,11313.0,31778.0,30260.0,1518.0,24715.0,,,0.0,0.0
2024,37,20,36,1367373.0,1322366.0,45007.0,319019.0,281819.0,37200.0,154446.0,720.0,355.0,11.0,
2024,39,16,7,,,,,,,,,,,
2024,40,23,30,445895.0,398541.0,47354.0,129285.0,103679.0,25606.0,48820.0,144.0,92.0,0.0,0.0
2024,41,6,34,,,,,,,,,,,
2024,43,29,8,421327.0,395068.0,26259.0,77339.0,58383.0,18956.0,419.0,487.0,60.0,11.0,
2024,45,27,17,898028.0,798002.0,100026.0,251752.0,187709.0,64043.0,42069.0,9553.0,3657.0,162.0,30.0
2024,46,17,8,357.0,41.0,316.0,49.0,,49.0,0.0,39.0,,,0.0
2024,48,9,10,4086062.0,3945784.0,140278.0,812696.0,704036.0,108660.0,193836.0,674.0,221.0,,
2024,51,25,75,12121048.0,11796220.0,324828.0,2095964.0,1827005.0,268959.0,271173.0,2902.0,1215.0,234.0,132.0
2024,54,28,11,7456561.0,6776421.0,680140.0,1858344.0,1449319.0,409025.0,1063084.0,1054.0,260.0,26.0,16.0
2024,57,22,12,3841838.0,3535080.0,306758.0,489897.0,294314.0,195583.0,233394.0,841.0,225.0,,0.0
2024,58,22,16,1910531.0,1276642.0,633889.0,694493.0,337922.0,356571.0,90292.0,18709.0,4700.0,394.0,101.0
2024,59,28,13,17913148.0,16238521.0,1674627.0,2910681.0,2652607.0,258074.0,1994942.0,3010.0,1842.0,237.0,130.0
2024,60,20,78,608828.0,590006.0,18822.0,110643.0,91925.0,18718.0,22966.0,870.0,198.0,17.0,
2024,61,14,49,4220185.0,4106893.0,113292.0,368344.0,324164.0,44180.0,154393.0,130.0,28.0,,0.0
2024,62,27,9,,,,,,,,,,,
2024,63,6,83,43035924.0,42561091.0,474833.0,10591169.0,10507969.0,83200.0,2591370.0,3129.0,1402.0,153.0,77.0
2024,64,17,67,1224773.0,1143888.0,80885.0,161567.0,142689.0,18878.0,45504.0,336.0,104.0,16.0,
2024,65,26,18,879472.0,855229.0,24243.0,45897.0,35230.0,10667.0,15603.0,365.0,218.0,,
2024,66,32,15,2380084.0,2341171.0,38913.0,485359.0,471125.0,14234.0,7091.0,130.0,41.0,,0.0
2024,68,22,16,,,,,,,,,,,
2024,69,17,15,928281.0,868851.0,59430.0,113748.0,91410.0,22338.0,85425.0,1163.0,279.0,16.0,
2024,73,15,20,4249360.0,3941746.0,307614.0,427441.0,295802.0,131639.0,261384.0,270.0,98.0,0.0,0.0
2024,74,28,546,61503844.0,58806743.0,2697101.0,11935065.0,11028737.0,906328.0,1085964.0,22641.0,11397.0,808.0,325.0
2024,75,25,17,605443.0,438616.0,166827.0,177319.0,88229.0,89090.0,59376.0,403.0,125.0,,
2024,76,25,5,,,,,,,,,,,
2024,77,22,17,1235593.0,895840.0,339753.0,409921.0,208089.0,201832.0,154591.0,944.0,330.0,21.0,
2024,78,12,17,4203427.0,3865491.0,337936.0,799505.0,734165.0,65340.0,503996.0,1121.0,20.0,17.0,0.0
2024,79,29,3,8456.0,7900.0,556.0,1752.0,1310.0,442.0,14.0,,0.0,,
2024,80,15,14,156249.0,152989.0,3260.0,34562.0,31697.0,2865.0,15330.0,91.0,30.0,0.0,0.0
2024,81,28,7,4307.0,2530.0,1777.0,1706.0,902.0,804.0,78.0,,,0.0,0.0
2024,82,11,10,,,,,,,,,,,
2024,85,6,24,2281549.0,2123475.0,158074.0,577569.0,475722.0,101847.0,217688.0,403.0,255.0,37.0,
2024,86,19,14,724618.0,717367.0,7251.0,109326.0,96964.0,12362.0,9477.0,177.0,79.0,0.0,0.0
2024,88,28,4,,,,,,,,,,,
2024,89,31,57,706744.0,696511.0,10233.0,61046.0,57350.0,3696.0,21108.0,204.0,98.0,,0.0
2024,91,3,7,1804696.0,1680519.0,124177.0,273192.0,262731.0,10461.0,184893.0,397.0,0.0,0.0,0.0
2024,93,31,35,1364313.0,1306739.0,57574.0,273879.0,247191.0,26688.0,45045.0,258.0,168.0,0.0,0.0
2024,95,13,8,,,,,,,,,,,
2024,96,1,8,819150.0,777414.0,41736.0,231364.0,210082.0,21282.0,87973.0,187.0,89.0,,
2024,97,31,30,1117399.0,1104307.0,13092.0,171981.0,160914.0,11067.0,273998.0,391.0,193.0,0.0,0.0
2024,100,24,13,1123420.0,1102738.0,20682.0,176356.0,157741.0,18615.0,77973.0,173.0,67.0,,
2024,101,12,9,60305.0,56889.0,3416.0,17004.0,14017.0,2987.0,5784.0,27.0,12.0,,
2024,104,28,20,20047828.0,14698969.0,5348859.0,4802293.0,2550560.0,2251733.0,1942497.0,12386.0,4333.0,67.0,21.0
2024,106,14,29,,,,,,,,,,,
2024,109,4,14,3109278.0,2715431.0,393847.0,883016.0,646181.0,236835.0,315414.0,2607.0,993.0,33.0,
2024,110,28,10,9635438.0,8274564.0,1360874.0,1476355.0,1205777.0,270578.0,2142142.0,5246.0,3157.0,170.0,136.0
2024,111,22,17,4081129.0,3673782.0,407347.0,820592.0,714834.0,105758.0,427368.0,333.0,198.0,,
2024,113,29,12,652716.0,644314.0,8402.0,128598.0,122297.0,6301.0,38939.0,482.0,155.0,,
2024,114,25,12,1138255.0,1055016.0,83239.0,256367.0,230150.0,26217.0,187938.0,422.0,243.0,0.0,0.0
2024,116,12,7,380721.0,296092.0,84629.0,123477.0,77239.0,46238.0,20137.0,4096.0,1440.0,80.0,15.0
2024,119,6,13,,,,,,,,,,,
2024,122,23,13,378926.0,260548.0,118378.0,127738.0,59525.0,68213.0,41117.0,218.0,43.0,0.0,0.0
2024,123,28,12,1045155.0,987573.0,57582.0,259999.0,237126.0,22873.0,176593.0,996.0,545.0,21.0,14.0
2024,124,9,26,655352.0,467434.0,187918.0,225302.0,117430.0,107872.0,33094.0,7284.0,2167.0,144.0,40.0
2024,125,22,17,639135.0,610423.0,28712.0,141223.0,121739.0,19484.0,47772.0,8186.0,2789.0,255.0,67.0
2024,127,2,14,10908371.0,10704172.0,204199.0,2220164.0,2038603.0,181561.0,910820.0,5200.0,2608.0,13.0,0.0
2024,128,28,21,,,,,,,,,,,
2024,130,15,10,64203.0,62815.0,1388.0,14532.0,13403.0,1129.0,15183.0,20.0,,0.0,0.0
2024,131,6,26,4777130.0,4620013.0,157117.0,1060938.0,926080.0,134858.0,167565.0,1210.0,389.0,15.0,
2024,133,9,17,,,,,,,,,,,
2024,134,3,6,774831.0,766146.0,8685.0,126463.0,123118.0,3345.0,20855.0,686.0,220.0,0.0,0.0
2024,135,6,38,,,,,,,,,,,
2024,137,33,12,,,,,,,,,,,
2024,138,26,14,446393.0,425214.0,21179.0,77973.0,65429.0,12544.0,18540.0,152.0,43.0,,0.0
2024,139,32,22,962053.0,843758.0,118295.0,292979.0,198752.0,94227.0,126542.0,993.0,65.0,54.0,17.0
2024,140,22,18,215623.0,197767.0,17856.0,62439.0,51591.0,10848.0,11208.0,319.0,245.0,,
2024,142,15,30,422314.0,406622.0,15692.0,107624.0,95180.0,12444.0,42608.0,208.0,100.0,0.0,0.0
2024,144,4,115,1604775.0,1522332.0,82443.0,310940.0,233016.0,77924.0,189242.0,4769.0,1806.0,180.0,36.0
2024,145,2,19,2195527.0,1644320.0,551207.0,437843.0,352236.0,85607.0,186155.0,377.0,,,0.0
2024,146,6,22,1609637.0,1447710.0,161927.0,413919.0,341296.0,72623.0,258350.0,82.0,19.0,0.0,0.0
2024,147,11,22,3746232.0,3524662.0,221570.0,800053.0,638511.0,161542.0,374902.0,5621.0,935.0,436.0,111.0
2024,149,18,13,1863541.0,1601659.0,261882.0,515982.0,339054.0,176928.0,214233.0,1407.0,526.0,,
2024,151,6,23,3627195.0,3536806.0,90389.0,671323.0,602771.0,68552.0,67582.0,1024.0,281.0,36.0,19.0
2024,152,9,12,,,,,,,,,,,
2024,153,24,11,443992.0,410010.0,33982.0,36828.0,16582.0,20246.0,12688.0,301.0,217.0,,
2024,154,16,10,2609050.0,2495922.0,113128.0,794990.0,691183.0,103807.0,92039.0,257.0,125.0,,
2024,156,20,23,49177.0,46889.0,2288.0,12230.0,10186.0,2044.0,2851.0,950.0,437.0,16.0,
2024,157,31,27,524489.0,510731.0,13758.0,97212.0,87505.0,9707.0,48037.0,227.0,124.0,0.0,0.0
2024,159,31,7,213818.0,208646.0,5172.0,21079.0,19105.0,1974.0,44150.0,15.0,,0.0,0.0
2024,160,14,9,4193640.0,3404769.0,788871.0,1059423.0,941541.0,117882.0,371784.0,844.0,,,0.0
2024,162,23,6,7770.0,7564.0,206.0,841.0,642.0,199.0,0.0,0.0,0.0,0.0,0.0
2024,164,21,9,117250.0,117211.0,39.0,33793.0,33754.0,39.0,1094.0,84.0,28.0,0.0,0.0
2024,166,26,35,440684.0,436009.0,4675.0,15405.0,11752.0,3653.0,205.0,154.0,69.0,,
2024,167,8,10,13139.0,11489.0,1650.0,955.0,584.0,371.0,93.0,33.0,16.0,0.0,0.0
2024,172,3,14,8656738.0,8079882.0,576856.0,1349884.0,1297980.0,51904.0,783806.0,1813.0,0.0,0.0,0.0
2024,173,23,21,2313526.0,1824797.0,488729.0,498324.0,438378.0,59946.0,192952.0,446.0,,,0.0
2024,174,28,4,119190.0,112382.0,6808.0,38695.0,34419.0,4276.0,890.0,,,,
2024,175,24,3,12610.0,12346.0,264.0,1468.0,1294.0,174.0,0.0,,,0.0,0.0
2024,177,5,17,27423.0,24728.0,2695.0,7861.0,6979.0,882.0,360.0,,0.0,0.0,0.0
2024,178,22,22,2198393.0,1975213.0,223180.0,521748.0,428806.0,92942.0,336363.0,216.0,108.0,,
2024,181,28,18,1459196.0,1206500.0,252696.0,252195.0,141176.0,111019.0,25075.0,4256.0,1337.0,0.0,0.0
2024,182,6,8,559771.0,540104.0,19667.0,39611.0,35255.0,4356.0,18465.0,257.0,87.0,,
2024,185,6,8,92022.0,79451.0,12571.0,28025.0,20441.0,7584.0,18395.0,,,0.0,0.0
2024,186,6,17,4576465.0,3564380.0,1012085.0,1193794.0,719832.0,473962.0,502184.0,3373.0,882.0,18.0,
2024,187,4,16,,,,,,,,,,,
2024,189,29,21,8646012.0,8402145.0,243867.0,1707856.0,1571221.0,136635.0,634356.0,5422.0,1467.0,119.0,53.0
2024,190,27,12,2595620.0,2157936.0,437684.0,693284.0,446509.0,246775.0,262495.0,1483.0,470.0,,
2024,191,2,13,7407082.0,6010107.0,1396975.0,1867378.0,1073259.0,794119.0,805291.0,2741.0,1054.0,,
2024,192,15,12,668238.0,544633.0,123605.0,189300.0,133294.0,56006.0,39789.0,5920.0,1884.0,53.0,13.0
2024,193,18,26,107392.0,81081.0,26311.0,33542.0,17549.0,15993.0,6652.0,875.0,320.0,34.0,12.0
2024,194,13,13,1553306.0,1031551.0,521755.0,549914.0,248739.0,301175.0,135014.0,521.0,182.0,,
2024,195,27,19,10214665.0,8726180.0,1488485.0,1914504.0,1645943.0,268561.0,967214.0,2600.0,,,0.0
2024,196,3,11,1715924.0,1593974.0,121950.0,256793.0,245717.0,11076.0,176949.0,346.0,0.0,0.0,0.0
2024,197,28,11,,,,,,,,,,,
2024,199,24,9,12307.0,9923.0,2384.0,1133.0,725.0,408.0,77.0,39.0,17.0,0.0,0.0
2024,200,14,13,1110639.0,780202.0,330437.0,395425.0,204912.0,190513.0,130869.0,671.0,159.0,0.0,0.0
2024,201,28,7,494650.0,471218.0,23432.0,111487.0,101311.0,10176.0,77018.0,21.0,14.0,,
2024,203,5,8,182083.0,165638.0,16445.0,53852.0,46346.0,7506.0,39387.0,31.0,14.0,0.0,0.0
2024,204,11,15,,,,,,,,,,,
2024,206,20,14,,,,,,,,,,,
2024,207,25,8,141484.0,121039.0,20445.0,51650.0,39520.0,12130.0,37420.0,29.0,16.0,0.0,0.0
2024,209,19,27,74787.0,72125.0,2662.0,17561.0,15098.0,2463.0,7888.0,40.0,15.0,0.0,0.0
2024,210,1,7,204058.0,168684.0,35374.0,95902.0,29231.0,66671.0,15379.0,35.0,17.0,0.0,0.0
2024,211,18,17,1079077.0,1009831.0,69246.0,226995.0,162599.0,64396.0,40231.0,150.0,39.0,,
2024,212,22,26,115113.0,110549.0,4564.0,18128.0,15746.0,2382.0,7378.0,30.0,22.0,0.0,0.0
2024,214,14,9,108933.0,100136.0,8797.0,27904.0,19916.0,7988.0,2168.0,17.0,15.0,0.0,0.0
2024,215,9,12,,,,,,,,,,,
2024,216,3,6,4314995.0,4295266.0,19729.0,676808.0,669702.0,7106.0,179110.0,7600.0,2400.0,35.0,13.0
2024,217,21,18,790001.0,759938.0,30063.0,142923.0,133926.0,8997.0,7401.0,31.0,18.0,,
2024,218,5,15,2088505.0,2042140.0,46365.0,406111.0,387306.0,18805.0,3517.0,222.0,68.0,,
2024,220,28,22,4219841.0,4080439.0,139402.0,1014124.0,884055.0,130069.0,154874.0,1184.0,755.0,,
2024,222,18,33,5146068.0,4295438.0,850630.0,1082702.0,924286.0,158416.0,533102.0,1238.0,,,0.0
2024,224,22,21,3085983.0,2814185.0,271798.0,723093.0,562546.0,160547.0,361143.0,5001.0,952.0,263.0,47.0
2024,225,14,9,63957.0,54216.0,9741.0,20731.0,14778.0,5953.0,3071.0,596.0,183.0,46.0,11.0
2024,227,24,14,1068671.0,1013376.0,55295.0,141734.0,100498.0,41236.0,549.0,616.0,88.0,47.0,
2024,228,25,17,9103191.0,8043578.0,1059613.0,1605146.0,1471467.0,133679.0,54572.0,1299.0,,,0.0
2024,229,31,54,2886370.0,2462417.0,423953.0,456796.0,213637.0,243159.0,223904.0,344.0,201.0,,0.0
2024,230,6,5,,,,,,,,,,,
2024,231,16,2,757369.0,687896.0,69473.0,174066.0,142847.0,31219.0,113150.0,87.0,54.0,0.0,0.0
2024,232,31,13,789462.0,659260.0,130202.0,208915.0,113541.0,95374.0,79176.0,594.0,244.0,,
2024,233,31,26,313114.0,298634.0,14480.0,57922.0,48655.0,9267.0,7691.0,31.0,12.0,0.0,0.0
2024,241,4,5,3717.0,2393.0,1324.0,1396.0,793.0,603.0,48.0,,,0.0,0.0
2024,243,6,7,1747455.0,1271365.0,476090.0,344204.0,256694.0,87510.0,6393.0,437.0,,,0.0
2024,245,31,12,405418.0,398306.0,7112.0,50973.0,47925.0,3048.0,64780.0,19.0,,,0.0
2024,246,28,21,8781270.0,5807390.0,2973880.0,1701470.0,1287305.0,414165.0,951447.0,1083.0,622.0,62.0,31.0
2024,248,31,19,1533514.0,1504864.0,28650.0,170257.0,143772.0,26485.0,62476.0,0.0,0.0,0.0,0.0
2024,249,23,92,9295961.0,8439891.0,856070.0,1665537.0,1385537.0,280000.0,186298.0,4404.0,1305.0,50.0,22.0
2024,251,19,18,663600.0,642746.0,20854.0,39306.0,28533.0,10773.0,16381.0,147.0,96.0,,
2024,254,16,17,12226636.0,11374142.0,852494.0,2020936.0,1824195.0,196741.0,1320656.0,1147.0,0.0,0.0,0.0
2024,255,13,17,2111052.0,1704183.0,406869.0,437252.0,326106.0,111146.0,9203.0,289.0,,,0.0
2024,256,4,17,3580808.0,3202241.0,378567.0,693915.0,596289.0,97626.0,464355.0,502.0,14.0,,0.0
2024,258,23,15,374292.0,259248.0,115044.0,95687.0,60135.0,35552.0,20859.0,4223.0,1159.0,83.0,36.0
2024,260,9,45,461507.0,420450.0,41057.0,127452.0,89569.0,37883.0,57274.0,195.0,98.0,,
2024,262,12,9,104797.0,102463.0,2334.0,22862.0,20939.0,1923.0,8286.0,44.0,17.0,0.0,0.0
2024,263,11,18,429443.0,384617.0,44826.0,117559.0,75221.0,42338.0,13106.0,67.0,33.0,,0.0
2024,264,31,21,212263.0,207372.0,4891.0,19894.0,18470.0,1424.0,32232.0,,,,
2024,265,12,15,1145267.0,935058.0,210209.0,298019.0,167716.0,130303.0,152705.0,915.0,288.0,,0.0
2024,267,15,13,1458708.0,1070569.0,388139.0,448480.0,203531.0,244949.0,171476.0,1119.0,386.0,,0.0
2024,268,15,7,102975.0,99299.0,3676.0,18221.0,14549.0,3672.0,1151.0,24.0,11.0,0.0,0.0
2024,269,21,12,2247274.0,2199992.0,47282.0,178992.0,153654.0,25338.0,115481.0,396.0,166.0,0.0,0.0
2024,271,13,8,1073268.0,992770.0,80498.0,156586.0,147920.0,8666.0,540.0,364.0,117.0,41.0,
2024,272,16,15,365368.0,314752.0,50616.0,98116.0,67514.0,30602.0,36565.0,196.0,61.0,0.0,0.0
2024,273,4,16,149478.0,139645.0,9833.0,32008.0,22637.0,9371.0,4691.0,39.0,22.0,,
2024,275,29,5,528.0,261.0,267.0,224.0,87.0,137.0,,,,0.0,0.0
2024,276,14,20,3524039.0,3398397.0,125642.0,727206.0,630298.0,96908.0,306434.0,210.0,180.0,65.0,
2024,278,13,15,238872.0,154775.0,84097.0,66846.0,22585.0,44261.0,6565.0,1566.0,641.0,0.0,0.0
2024,279,23,14,458029.0,435151.0,22878.0,82860.0,74500.0,8360.0,7294.0,204.0,103.0,,
2024,281,27,10,4843786.0,4704089.0,139697.0,1077410.0,955423.0,121987.0,152870.0,720.0,380.0,,
2024,282,15,17,6509852.0,5919313.0,590539.0,1251198.0,1113385.0,137813.0,767790.0,,0.0,0.0,0.0
2024,283,22,13,1360063.0,1320144.0,39919.0,236813.0,198720.0,38093.0,365506.0,657.0,421.0,21.0,
