experience_year,issuer_id,issuer_name,state,plan_count,issuer_claims_received_total,issuer_claims_denied_total,denial_rate,pct_denial_rate,issuer_internal_appeals_filed,appeal_rate,pct_appeal_rate,internal_overturn_rate,pct_overturn_rate,external_overturn_rate,excess_denial_rate,excess_denials_vs_median,appeal_target_score
2024,52664,"Summa Insurance Company, Inc.",OH,18,215623.0,62439.0,0.28957485982478676,0.8486842105263158,319.0,0.005108986370697801,0.8,0.768025078369906,0.9848484848484849,,0.07919767551858814,17076.84038834453,0.8358253588516746
2024,17414,"AmeriHealth Caritas North Carolina, Inc.",NC,8,456084.0,139608.0,0.30610150761701793,0.9013157894736842,74.0,0.0005300555842072087,0.12413793103448276,0.6351351351351351,0.9090909090909091,,0.09572432331081931,43658.33227289172,0.819377990430622
2024,73107,Select Health of South Carolina,SC,8,141484.0,51650.0,0.3650589465946679,0.9868421052631579,29.0,0.0005614714424007745,0.14482758620689656,0.5517241379310345,0.8143939393939394,,0.1546817622884693,21884.994455621792,0.8036782296650717
2024,21333,Medica Insurance Company,OK,30,445895.0,129285.0,0.28994494219491135,0.8552631578947368,144.0,0.001113818308388444,0.35172413793103446,0.6388888888888888,0.9242424242424242,,0.07956775788871273,35478.86540378756,0.7904704944178628
2024,73836,"Moda Health Plan, Inc.",AK,7,204058.0,95902.0,0.4699742230150251,1.0,35.0,0.00036495589247356676,0.08275862068965517,0.4857142857142857,0.7045454545454546,,0.2595970387088265,52972.852524845715,0.7045454545454546
2024,74917,McLaren Health Plan Community,MI,9,108933.0,27904.0,0.25615745458217437,0.7039473684210527,17.0,0.0006092316513761468,0.1793103448275862,0.8823529411764706,1.0,,0.045780270275975754,4986.982181972867,0.7039473684210527
2024,56766,Cigna Health and Life Insurance Company,MS,10,2609050.0,794990.0,0.30470477760104253,0.8947368421052632,257.0,0.00032327450659756725,0.06896551724137931,0.48638132295719844,0.7121212121212122,,0.09432759329484391,246105.40728591252,0.6371610845295056
2024,36194,"Health First Commercial Plans, Inc.",FL,24,2281549.0,577569.0,0.2531477518124748,0.6842105263157895,403.0,0.000697752130048531,0.2413793103448276,0.6327543424317618,0.9015151515151515,,0.04277056750627617,97583.1455233769,0.6168261562998405
2024,18167,Molina Healthcare of Utah,UT,8,129448.0,30751.0,0.23755484827884557,0.625,78.0,0.0025365028779551885,0.6689655172413793,0.717948717948718,0.9621212121212122,,0.027177663972646954,3518.0942459312027,0.6013257575757576
2024,93078,Medica Insurance Company,IA,45,461507.0,127452.0,0.2761648252355869,0.7697368421052632,195.0,0.0015299877600979193,0.4689655172413793,0.5025641025641026,0.7651515151515151,,0.06578764092938827,30361.456802399192,0.5889653110047847
2024,76589,"Cigna HealthCare of Texas, Inc.",TX,22,4219841.0,1014124.0,0.24032279889218575,0.6381578947368421,1184.0,0.0011675100875238136,0.3724137931034483,0.637668918918919,0.9166666666666666,,0.02994561458598713,126365.7322001465,0.5849780701754386
2024,18350,Hawaii Medical Service Association,HI,7,727519.0,198952.0,0.27346639744116646,0.756578947368421,104.0,0.0005227391531625719,0.11724137931034483,0.5,0.7462121212121212,,0.06308921313496785,45898.60125073868,0.5645683811802232
2024,72760,"AmeriHealth Caritas VIP Next, Inc.",DE,8,182083.0,53852.0,0.29575523250385816,0.868421052631579,31.0,0.000575651786377479,0.1724137931034483,0.45161290322580644,0.6363636363636364,,0.08537804819765954,15545.891149974443,0.5526315789473685
2024,94419,Cigna Health and Life Insurance Company,IN,18,429443.0,117559.0,0.27374762191955626,0.7631578947368421,67.0,0.0005699265900526544,0.16551724137931034,0.4925373134328358,0.7196969696969697,,0.06337043761335764,27213.99083999315,0.5492424242424243
2024,71837,"Sendero Health Plans, Inc.",TX,7,494650.0,111487.0,0.22538562620034366,0.5723684210526315,21.0,0.00018836276875330756,0.020689655172413793,0.6666666666666666,0.9545454545454546,,0.015008441894145047,7423.925782938847,0.5463516746411483
2024,38344,Premera Blue Cross Blue Shield of Alaska,AK,8,819150.0,231364.0,0.28244399682597815,0.8026315789473685,187.0,0.0008082502031430992,0.27586206896551724,0.47593582887700536,0.6742424242424242,,0.07206681251977953,59033.5294755774,0.5411682615629984
2024,79975,"Molina Healthcare of Mississippi, Inc",MS,2,757369.0,174066.0,0.22982984516134145,0.5921052631578947,87.0,0.0004998104167384785,0.1103448275862069,0.6206896551724138,0.8939393939393939,,0.019452660855142828,14732.842299198668,0.5293062200956937
2024,45786,"Molina Healthcare of Texas, Inc.",TX,12,1045155.0,259999.0,0.24876597251125432,0.6578947368421053,996.0,0.00383078396455371,0.7793103448275862,0.5471887550200804,0.803030303030303,0.6666666666666666,0.0383887882050557,40122.23393645499,0.5283094098883573
2024,98185,Blue Care Network of Michigan,MI,20,3524039.0,727206.0,0.2063558320438565,0.4868421052631579,210.0,0.00028877649524343857,0.04827586206896552,0.8571428571428571,0.9924242424242424,,-0.004021352262342126,-14171.402205231883,0.4831539074960128
2024,39520,Medica Insurance Company,KS,9,60305.0,17004.0,0.2819666694303955,0.7960526315789473,27.0,0.001587861679604799,0.47586206896551725,0.4444444444444444,0.5984848484848485,,0.07158948512419688,4317.203900414693,0.4764254385964912
2024,53461,Medica Insurance Company,MO,30,422314.0,107624.0,0.25484355242781437,0.6907894736842105,208.0,0.0019326544265219653,0.5517241379310345,0.4807692307692308,0.6893939393939394,,0.04446636812161575,18778.769786912035,0.47622607655502397
2024,42326,"MOLINA HEALTHCARE OF SOUTH CAROLINA, INC",SC,12,1138255.0,256367.0,0.22522809036639418,0.5657894736842105,422.0,0.0016460776933068608,0.4896551724137931,0.5758293838862559,0.8409090909090909,,0.014850906060195568,16904.118077547904,0.47577751196172247
2024,14002,BlueCross BlueShield of Tennessee,TN,96,7365517.0,1976181.0,0.2683017363207498,0.743421052631579,587.0,0.00029703756892713776,0.06206896551724138,0.4497444633730835,0.6287878787878788,,0.057924552014551156,426644.27258056076,0.46745414673046254
2024,64353,"Molina Healthcare of Ohio, Inc.",OH,22,2198393.0,521748.0,0.2373315417216121,0.618421052631579,216.0,0.00041399296211964395,0.10344827586206896,0.5,0.7462121212121212,,0.026954357415413494,59256.270661543116,0.4614732854864434
2024,99248,Cigna Health and Life Insurance Company,TN,10,4843786.0,1077410.0,0.22243137909065347,0.5592105263157895,720.0,0.0006682692753919121,0.2206896551724138,0.5277777777777778,0.7878787878787878,,0.012054194784454852,58387.93993821543,0.4405901116427432
2024,98780,CHRISTUS Health Plan Louisiana,LA,15,238872.0,66846.0,0.27984024917110417,0.7828947368421053,1566.0,0.02342698141998025,0.903448275862069,0.40932311621966794,0.5606060606060606,,0.06946306486490555,16592.78123040972,0.4388955342902711
2024,69803,"Oscar Health Plan of North Carolina, Inc",NC,26,107392.0,33542.0,0.312332389749702,0.9144736842105263,875.0,0.026086697275058135,0.9103448275862069,0.3657142857142857,0.4772727272727273,0.35294117647058826,0.1019552054435034,10949.173422988717,0.4364533492822967
2024,20305,Medica Insurance Company,NE,36,1367373.0,319019.0,0.23330795620507352,0.5986842105263158,720.0,0.0022569188669013442,0.593103448275862,0.4930555555555556,0.7272727272727273,,0.022930771898874908,31354.91836368028,0.43540669856459335
2024,38166,"Security Health Plan of Wisconsin, Inc.",WI,35,1364313.0,273879.0,0.20074499033579538,0.4605263157894737,258.0,0.0009420218417622381,0.31724137931034485,0.6511627906976745,0.9393939393939394,,-0.009632193970403241,-13141.327452342757,0.43261562998405106
2024,97667,"Cigna HealthCare of Arizona, Inc",AZ,16,149478.0,32008.0,0.21413184548896827,0.5197368421052632,39.0,0.0012184453886528368,0.3793103448275862,0.5641025641025641,0.8257575757575758,,0.003754661182769653,561.2392442780422,0.4291766347687401
2024,57424,Oscar Insurance Company,NE,23,49177.0,12230.0,0.24869349492649004,0.6513157894736842,950.0,0.0776778413736713,1.0,0.46,0.6515151515151515,,0.03831631062029142,1884.2812073740713,0.42434210526315785
2024,40702,"UnitedHealthcare of Arizona, Inc.",AZ,14,3109278.0,883016.0,0.2839939046942731,0.8223684210526315,2607.0,0.002952381383802785,0.7241379310344828,0.380897583429229,0.5075757575757576,,0.07361672038807449,228894.84913479147,0.41741427432216904
2024,80180,"UnitedHealthcare of Wisconsin, Inc.",WI,13,789462.0,208915.0,0.2646295831844978,0.7302631578947368,594.0,0.002843261613574899,0.7172413793103448,0.4107744107744108,0.5681818181818182,,0.05425239887829919,42830.207323259834,0.4149222488038278
2024,43490,Oscar Insurance Company,KS,7,380721.0,123477.0,0.3243241113571355,0.9276315789473685,4096.0,0.03317216971581752,0.9448275862068966,0.3515625,0.44696969696969696,0.1875,0.1139469270509369,43381.98801375974,0.4146232057416268
2024,69842,UnitedHealthcare Insurance Company,LA,13,1553306.0,549914.0,0.3540281180913484,0.9671052631578947,521.0,0.0009474208694450405,0.32413793103448274,0.3493282149712092,0.42424242424242425,,0.14365093378514976,223133.85735407582,0.4102870813397129
2024,23552,Oscar Insurance Company,TN,17,898028.0,251752.0,0.28033869767980507,0.7894736842105263,9553.0,0.037946073914010614,0.9793103448275862,0.3828116821940752,0.5151515151515151,0.18518518518518517,0.06996151337360645,62827.397931873056,0.40669856459330145
2024,33931,"UnitedHealthcare of Ohio, Inc.",OH,17,1235593.0,409921.0,0.33176053927142674,0.9407894736842105,944.0,0.00230288275057877,0.6206896551724138,0.3495762711864407,0.4318181818181818,,0.12138335496522812,149980.42371155112,0.40625
2024,41047,Buckeye Community Health Plan,OH,17,4081129.0,820592.0,0.20106985101426592,0.46710526315789475,333.0,0.00040580458985707877,0.09655172413793103,0.5945945945945946,0.8636363636363636,,-0.009307333291932701,-37984.42781037201,0.40340909090909094
2024,30252,"Health Options, Inc.",FL,83,43035924.0,10591169.0,0.24610065302652734,0.6447368421052632,3129.0,0.00029543480988736937,0.05517241379310345,0.4480664749121125,0.6212121212121212,0.5032679738562091,0.03572346872032872,1537392.484864444,0.400518341307815
2024,95426,UnitedHealthcare Insurance Company,MO,13,1458708.0,448480.0,0.3074501545203015,0.9078947368421053,1119.0,0.0024950945415626114,0.6620689655172414,0.3449508489722967,0.4166666666666667,,0.09707297021410288,141601.11823507358,0.37828947368421056
2024,54332,"UnitedHealthcare of North Carolina, Inc",NC,13,1863541.0,515982.0,0.27688255852701926,0.7763157894736842,1407.0,0.0027268393083479656,0.696551724137931,0.3738450604122246,0.48484848484848486,,0.06650537422082065,123935.49158084232,0.3763955342902711
2024,17933,"Moda Health Plan, Inc.",TX,5,150551.0,42672.0,0.2834388346806066,0.8157894736842105,39.0,0.0009139482564679415,0.3103448275862069,0.358974358974359,0.45454545454545453,,0.07306165037440798,10999.504525517495,0.3708133971291866
2024,46944,Blue Cross and Blue Shield of Alabama,AL,14,10908371.0,2220164.0,0.20352846451592085,0.47368421052631576,5200.0,0.002342169317221611,0.6413793103448275,0.5015384615384615,0.7575757575757576,0.0,-0.006848719790277763,-74708.37634739203,0.3588516746411483
2024,69461,UnitedHealthcare Insurance Company,AL,13,7407082.0,1867378.0,0.2521071050651255,0.6710526315789473,2741.0,0.001467833507731161,0.45517241379310347,0.38453119299525723,0.5227272727272727,,0.0417299207589269,309096.94491487375,0.35077751196172247
2024,87226,Superior Health Plan,TX,21,8781270.0,1701470.0,0.19376126687825337,0.40131578947368424,1083.0,0.0006365084309450064,0.19310344827586207,0.5743305632502308,0.8333333333333334,0.5,-0.016615917427945243,-145908.8572324927,0.3344298245614035
2024,59025,Harvard Pilgrim Health Care of NE,NH,9,117250.0,33793.0,0.28821321961620466,0.8421052631578947,84.0,0.002485721895067026,0.6551724137931034,0.3333333333333333,0.3939393939393939,,0.07783603531000605,9126.275140098209,0.3317384370015949
2024,33602,Blue Cross Blue Shield of Texas,TX,546,61503844.0,11935065.0,0.1940539683991134,0.4144736842105263,22641.0,0.0018970152236288617,0.5379310344827586,0.5033788260235855,0.7727272727272727,0.40222772277227725,-0.016323215907085215,-1003940.5247276875,0.3202751196172249
2024,73751,Medica Health Plans,ND,27,74787.0,17561.0,0.23481353711206493,0.6118421052631579,40.0,0.0022777746142019248,0.6137931034482759,0.375,0.49242424242424243,,0.024436352805866313,1827.521517292324,0.3012858851674641
2024,94248,Blue Cross and Blue Shield of Kansas City,KS,9,104797.0,22862.0,0.2181550998597288,0.5328947368421053,44.0,0.0019245910244073134,0.5448275862068965,0.38636363636363635,0.5303030303030303,,0.00777791555353019,815.1022162633034,0.2825956937799043
2024,57845,Medica Community Health Plan,WI,27,524489.0,97212.0,0.1853461178404123,0.35526315789473684,227.0,0.002335102662222771,0.6344827586206897,0.5462555066079295,0.7954545454545454,,-0.025031066465786317,-13128.5190195738,0.2825956937799043
2024,40220,"UnitedHealthcare of Texas, Inc.",TX,20,20047828.0,4802293.0,0.23954180971624459,0.631578947368421,12386.0,0.0025791845687049915,0.6758620689655173,0.3498304537380914,0.4393939393939394,0.31343283582089554,0.02916462541004597,584687.393905031,0.27751196172248804
2024,75841,Celtic Insurance Company,NH,18,790001.0,142923.0,0.18091496086713815,0.3223684210526316,31.0,0.00021690000909580683,0.034482758620689655,0.5806451612903226,0.8484848484848485,,-0.029462223439060464,-23275.185979081205,0.27352472089314195
2024,69512,Oscar Insurance Company,MO,12,668238.0,189300.0,0.2832823036103903,0.8092105263157895,5920.0,0.03127311146328579,0.9310344827586207,0.31824324324324327,0.3333333333333333,0.24528301886792453,0.07290511930419169,48717.971113594445,0.26973684210526316
2024,16842,Blue Cross and Blue Shield of Florida,FL,33,23252714.0,4500594.0,0.1935513420067868,0.3881578947368421,3012.0,0.000669244992994258,0.22758620689655173,0.4757636122177955,0.6666666666666666,0.4588235294117647,-0.01682584229941181,-391246.4987973251,0.2587719298245614
2024,99969,Medical Health Insuring Corp. of Ohio,OH,13,1360063.0,236813.0,0.17411914006924678,0.27631578947368424,657.0,0.0027743409356749842,0.7034482758620689,0.6407914764079148,0.9318181818181818,,-0.036258044236951836,-49313.22441904143,0.2574760765550239
2024,98905,CommunityCare HMO Inc.,OK,14,458029.0,82860.0,0.1809055758478175,0.3157894736842105,204.0,0.0024619840695148444,0.6482758620689655,0.5049019607843137,0.7803030303030303,,-0.02947160845838112,-13498.851350583847,0.2464114832535885
2024,77739,Oscar Insurance Company,MI,9,63957.0,20731.0,0.3241396563315978,0.9210526315789473,596.0,0.02874921614972746,0.9241379310344827,0.3070469798657718,0.26515151515151514,0.2391304347826087,0.11376247202539919,7275.906423328456,0.24421850079744814
2024,33764,"UnitedHealthcare of South Carolina, Inc.",SC,17,605443.0,177319.0,0.2928748040690866,0.8618421052631579,403.0,0.002272740089894484,0.6,0.31017369727047145,0.2803030303030303,,0.082497619762888,49947.606402102196,0.24157695374800633
2024,69443,UnitedHealthcare Insurance Company,TN,12,2595620.0,693284.0,0.26709764911658873,0.7368421052631579,1483.0,0.002139094512494158,0.5793103448275863,0.31692515171948754,0.32575757575757575,,0.056720464810390114,147224.77287114479,0.24003189792663474
2024,45819,Oscar Insurance Company,IA,26,655352.0,225302.0,0.34378776596394,0.9539473684210527,7284.0,0.032329939370267465,0.9379310344827586,0.2975013728720483,0.24242424242424243,0.2777777777777778,0.1334105816577414,87430.89151056414,0.2312599681020734
2024,45845,Oscar Insurance Corporation of Ohio,OH,17,639135.0,141223.0,0.22095957817988374,0.5394736842105263,8186.0,0.05796506234820107,0.993103448275862,0.34070364036159295,0.4090909090909091,0.2627450980392157,0.01058239387368512,6763.578308457739,0.22069377990430625
2024,94968,UnitedHealthcare Insurance Company,KS,15,1145267.0,298019.0,0.26021792298215174,0.7171052631578947,915.0,0.0030702740429301486,0.7310344827586207,0.31475409836065577,0.30303030303030304,,0.04984073867595312,57080.95326119281,0.21730462519936203
2024,97560,"UnitedHealthcare of Mississippi, Inc.",MS,15,365368.0,98116.0,0.2685402115127762,0.75,196.0,0.001997635451914061,0.5655172413793104,0.3112244897959184,0.2878787878787879,,0.05816302720657757,21250.908924412834,0.21590909090909094
2024,74313,Paramount Insurance Company,OH,26,115113.0,18128.0,0.1574800413506728,0.21710526315789475,30.0,0.0016548984995586938,0.496551724137931,0.7333333333333333,0.9772727272727273,,-0.052897142955525805,-6089.148817039442,0.21217105263157895
2024,34762,Blue Cross and Blue Shield of Kansas City,MO,14,156249.0,34562.0,0.22119821566858028,0.5460526315789473,91.0,0.0026329494820901567,0.6827586206896552,0.32967032967032966,0.3787878787878788,,0.010821031362381661,1690.7753293407723,0.20683811802232854
2024,29418,Celtic Insurance Company,TX,13,17913148.0,2910681.0,0.1624885251883142,0.23026315789473684,3010.0,0.0010341222552385507,0.3448275862068966,0.6119601328903654,0.8863636363636364,0.5485232067510548,-0.047888659117884425,-857836.6383002131,0.2040968899521531
2024,53901,"Blue Cross and Blue Shield of Arizona, Inc.",AZ,115,1604775.0,310940.0,0.19375924973906,0.39473684210526316,4769.0,0.015337364121695504,0.8896551724137931,0.3786957433424198,0.5,0.2,-0.016617934567138615,-26668.04594497987,0.19736842105263158
2024,48121,Cigna Health and Life Insurance Company,FL,26,4777130.0,1060938.0,0.22208690154967523,0.5526315789473685,1210.0,0.0011405001988806132,0.3586206896551724,0.32148760330578513,0.3560606060606061,,0.011709717243476608,55938.84153532941,0.1967703349282297
2024,79475,Compcare Health Serv Ins Co(Anthem BCBS),WI,54,2886370.0,456796.0,0.1582596825770778,0.2236842105263158,344.0,0.0007530713929193776,0.2620689655172414,0.5843023255813954,0.8560606060606061,,-0.05211750172912083,-150430.3934658825,0.1914872408293461
2024,96384,Cox Health Systems Insurance Company,MO,7,102975.0,18221.0,0.17694586064578782,0.29605263157894735,24.0,0.0013171615169310137,0.3931034482758621,0.4583333333333333,0.6439393939393939,,-0.033431323660410794,-3442.5905539308014,0.19063995215311003
2024,81413,Network Health Plan,WI,26,313114.0,57922.0,0.18498693766487606,0.34210526315789475,31.0,0.0005352025137253548,0.1310344827586207,0.3870967741935484,0.5378787878787878,,-0.025390246641322556,-7950.041686851071,0.18401116427432215
2024,11269,Blue Cross Blue Shield of Wyoming,WY,11,1333619.0,240656.0,0.18045333787236084,0.3092105263157895,434.0,0.0018034040289874344,0.5241379310344828,0.3986175115207373,0.553030303030303,,-0.029923846433837775,-39907.010157248296,0.17100279106858055
2024,11512,Blue Cross and Blue Shield of NC,NC,117,16959958.0,3217713.0,0.18972411370358347,0.3684210526315789,2160.0,0.0006712842319995599,0.23448275862068965,0.36064814814814816,0.4621212121212121,0.5,-0.020653070602615148,-350275.2099913876,0.17025518341307813
2024,25896,"Wellmark Health Plan of Iowa, Inc.",IA,10,4086062.0,812696.0,0.19889468148060407,0.4473684210526316,674.0,0.0008293383995983738,0.2896551724137931,0.327893175074184,0.3712121212121212,,-0.011482502825594543,-46918.21846055449,0.16606858054226475
2024,29341,Oscar Buckeye State Insurance Corp.,OH,16,1910531.0,694493.0,0.363507841537248,0.9802631578947368,18709.0,0.02693907641977673,0.9172413793103448,0.2512159923031696,0.16666666666666666,0.2563451776649746,0.1531306572310494,292560.86769029405,0.16337719298245612
2024,18558,"Blue Cross and Blue Shield of Kansas, Inc.",KS,9,1100878.0,171711.0,0.15597641155514053,0.19736842105263158,174.0,0.0010133305379387459,0.33793103448275863,0.5517241379310345,0.8143939393939394,,-0.05440077275105809,-59888.61390463933,0.16073564593301437
2024,42261,University of Utah Health Insurance Plans,UT,12,652716.0,128598.0,0.197019837111393,0.4342105263157895,482.0,0.003748114278604644,0.7724137931034483,0.3215767634854772,0.36363636363636365,,-0.013357347194805608,-8718.554231604738,0.15789473684210528
2024,40788,Scott and White Health Plan,TX,10,9635438.0,1476355.0,0.1532213688677152,0.17763157894736842,5246.0,0.003553345909351071,0.7586206896551724,0.6017918414029737,0.8787878787878788,0.8,-0.057155815438483415,-550721.3159969498,0.15610047846889952
2024,26065,Blue Cross and Blue Shield of South Carolina,SC,75,12121048.0,2095964.0,0.17291937132828777,0.26973684210526316,2902.0,0.0013845657654425363,0.42758620689655175,0.41867677463818054,0.5757575757575758,0.5641025641025641,-0.03745781297791084,-454027.94908028026,0.15530303030303033
2024,31274,Highmark Blue Cross Blue Shield West Virginia,WV,15,2380084.0,485359.0,0.20392515558274413,0.48026315789473684,130.0,0.0002678429780842634,0.041379310344827586,0.3153846153846154,0.3106060606060606,,-0.006452028723454489,-15356.370332234455,0.14917264752791068
2024,91908,Oscar Insurance Company,OK,15,374292.0,95687.0,0.2556479967511996,0.6973684210526315,4223.0,0.04413347685683531,0.9862068965517241,0.27444944352356143,0.21212121212121213,0.43373493975903615,0.045270812445000974,16944.502931664305,0.14792663476874002
2024,17575,Anthem Ins Companies Inc(Anthem BCBS),IN,15,3553957.0,807186.0,0.227123175660257,0.5855263157894737,1174.0,0.001454435532826387,0.4482758620689655,0.30579216354344124,0.25,,0.01674599135405838,59514.533194695265,0.14638157894736842
2024,71667,"UnitedHealthcare Community Plan, Inc.",MI,13,1110639.0,395425.0,0.35603377875259196,0.9736842105263158,671.0,0.0016969083897072769,0.503448275862069,0.23695976154992549,0.14393939393939395,,0.14565659444639334,161771.89439934786,0.14015151515151517
2024,38345,Dean Health Plan,WI,30,1117399.0,171981.0,0.15391189718265363,0.18421052631578946,391.0,0.0022735069571638727,0.6068965517241379,0.4936061381074169,0.7348484848484849,,-0.05646528712354498,-63094.25536656204,0.13536682615629983
2024,68398,"UnitedHealthcare of Florida, Inc.",FL,17,4576465.0,1193794.0,0.2608550486019231,0.7236842105263158,3373.0,0.002825445596141378,0.7103448275862069,0.2614882893566558,0.18181818181818182,,0.050477864295724484,231010.17922413276,0.13157894736842107
2024,20069,Oscar Insurance Company,TX,100,3521352.0,1050350.0,0.29828031960451556,0.875,38325.0,0.03648783738753749,0.9655172413793104,0.23642530984996737,0.13636363636363635,0.3404255319148936,0.08790313529831695,309537.881288999,0.11931818181818181
2024,39424,"Moda Health Plan, Inc.",OR,13,1123420.0,176356.0,0.1569813604885083,0.21052631578947367,173.0,0.0009809703100546621,0.3310344827586207,0.3872832369942196,0.5454545454545454,,-0.05339582381769031,-59985.93639326965,0.11483253588516745
2024,76168,Highmark BCBSD Inc.,DE,15,2088505.0,406111.0,0.19445057589040965,0.42105263157894735,222.0,0.0005466485763744396,0.13793103448275862,0.3063063063063063,0.25757575757575757,,-0.015926608415788968,-33262.80130941734,0.1084529505582137
2024,27248,"Community Health Choice, Inc.",TX,11,7456561.0,1858344.0,0.2492226644427639,0.6644736842105263,1054.0,0.0005671716323780743,0.15172413793103448,0.24667931688804554,0.1590909090909091,0.6153846153846154,0.038845480136565275,289653.6922125873,0.10571172248803828
2024,13877,"Oscar Health Plan, Inc.",AZ,18,344800.0,119454.0,0.34644431554524363,0.9605263157894737,4434.0,0.037118890953839974,0.9724137931034482,0.2070365358592693,0.10606060606060606,0.32894736842105265,0.136067131239045,46915.94685122272,0.10187400318979266
2024,37160,Blue Cross Blue Shield of North Dakota,ND,14,724618.0,109326.0,0.15087397773723535,0.16447368421052633,177.0,0.0016190110312277043,0.4827586206896552,0.4463276836158192,0.6060606060606061,,-0.05950320656896327,-43117.09453758902,0.09968102073365233
2024,19636,"HMO Louisiana, Inc.",LA,40,6029822.0,1002520.0,0.16626029756765623,0.25,1813.0,0.0018084427243346766,0.5310344827586206,0.33204633204633205,0.38636363636363635,0.22672064777327935,-0.04411688673854239,-266016.97422757116,0.09659090909090909
2024,15560,Blue Cross Blue Shield of Michigan Mutual Insurance Company,MI,9,2242734.0,311159.0,0.13874092959753587,0.14473684210526316,203.0,0.0006523995770651018,0.2,0.46798029556650245,0.6590909090909091,,-0.07163625470866275,-160661.06406777803,0.09539473684210527
2024,45480,"UnitedHealthcare of Oklahoma, Inc.",OK,13,378926.0,127738.0,0.3371053978877142,0.9473684210526315,218.0,0.0017066182341981242,0.5103448275862069,0.19724770642201836,0.09848484848484848,,0.1267282135815156,48020.61505958938,0.09330143540669855
2024,54172,"Molina Healthcare of Florida, Inc",FL,22,1609637.0,413919.0,0.25715052524264786,0.7105263157894737,82.0,0.0001981063927966583,0.027586206896551724,0.23170731707317074,0.12878787878787878,,0.04677334093644925,75288.10018492336,0.09150717703349281
2024,73943,"Cigna HealthCare of North Carolina, Inc.",NC,17,1079077.0,226995.0,0.21036033573137042,0.5,150.0,0.0006608075067732769,0.20689655172413793,0.26,0.17424242424242425,,-1.6848574828198792e-05,-18.18090957988827,0.08712121212121213
2024,68781,"SelectHealth, Inc.",UT,21,8646012.0,1707856.0,0.1975310698157717,0.4407894736842105,5422.0,0.0031747407275554847,0.7379310344827587,0.2705643673921062,0.19696969696969696,0.44537815126050423,-0.012846114490426913,-111067.66003760498,0.08682216905901116
2024,48772,"USAble HMO, Inc.",AR,6,774831.0,126463.0,0.1632136556229681,0.23684210526315788,686.0,0.00542451151720266,0.8068965517241379,0.3206997084548105,0.3409090909090909,,-0.04716352868323051,-36543.76409315618,0.08074162679425836
2024,66252,CHRISTUS Health Plan,TX,18,1459196.0,252195.0,0.17283147705997,0.2631578947368421,4256.0,0.016875830210749617,0.896551724137931,0.31414473684210525,0.29545454545454547,,-0.037545707246228605,-54786.54583086779,0.07775119617224881
2024,56503,"Florida Health Care Plan, Inc.",FL,23,3627195.0,671323.0,0.18508048230106183,0.34868421052631576,1024.0,0.001525346219331082,0.46206896551724136,0.2744140625,0.20454545454545456,0.5277777777777778,-0.025296702005136784,-91756.07102952212,0.07132177033492823
2024,87571,Blue Cross Blue Shield of Oklahoma,OK,92,9295961.0,1665537.0,0.1791678127737412,0.3026315789473684,4404.0,0.0026441922334958633,0.6896551724137931,0.2963215258855586,0.23484848484848486,0.44,-0.031209371532457425,-290121.10060023447,0.0710725677830941
2024,13591,CareSource North Carolina Co.,NC,21,207708.0,76854.0,0.3700098214801548,0.993421052631579,728.0,0.009472506310666979,0.8620689655172413,0.1304945054945055,0.06818181818181818,,0.1596326371739562,33156.975802128094,0.06773325358851674
2024,75293,USAble Mutual Insurance Company,AR,6,4314995.0,676808.0,0.15685023968741563,0.20394736842105263,7600.0,0.011229181688159715,0.8827586206896552,0.3157894736842105,0.3181818181818182,0.37142857142857144,-0.05352694461878299,-230968.4983953255,0.06489234449760765
2024,50305,Wellmark of South Dakota,SD,14,446393.0,77973.0,0.17467343797953822,0.28289473684210525,152.0,0.0019493927385120491,0.5586206896551724,0.28289473684210525,0.2196969696969697,,-0.0357037463266604,-15937.902433996916,0.062151116427432214
2024,13262,"HMO Partners, Inc.",AR,8,1530994.0,257411.0,0.1681332519918432,0.2565789473684211,1247.0,0.004844392819265688,0.7931034482758621,0.29109863672814756,0.22727272727272727,,-0.042243932314355415,-64675.20690968425,0.05831339712918661
2024,77552,"CareSource Ohio, Inc.",OH,21,3085983.0,723093.0,0.23431528948798486,0.6052631578947368,5001.0,0.006916122822375545,0.8275862068965517,0.1903619276144771,0.09090909090909091,0.17870722433460076,0.02393810518178624,73872.58564320425,0.05502392344497608
2024,97176,Louisiana Health Service & Indemnity Company,LA,8,1073268.0,156586.0,0.14589645829373465,0.1513157894736842,364.0,0.0023246011776276295,0.6275862068965518,0.32142857142857145,0.3484848484848485,,-0.06448072601246396,-69205.09984594517,0.05273125996810207
2024,56707,Providence Health Plan,OR,11,443992.0,36828.0,0.08294744049442332,0.05263157894736842,301.0,0.008173129140871076,0.8551724137931035,0.7209302325581395,0.9696969696969697,,-0.1274297438117753,-56577.78681447774,0.051036682615629984
2024,50328,CareSource West Virginia Co.,WV,22,962053.0,292979.0,0.3045351971253143,0.881578947368421,993.0,0.0033893214189412895,0.7517241379310344,0.06545820745216516,0.05303030303030303,0.3148148148148148,0.09415801281911568,90584.99870666869,0.04675039872408293
2024,32753,Healthy Alliance Life Co(Anthem BCBS),MO,20,4249360.0,427441.0,0.10058950053655139,0.09210526315789473,270.0,0.000631666124681535,0.18620689655172415,0.362962962962963,0.4696969696969697,,-0.10978768376964723,-466527.39190338814,0.043261562998405105
2024,54192,"CareSource Indiana, Inc.",IN,22,3746232.0,800053.0,0.21356205381834334,0.5131578947368421,5621.0,0.0070257845417741075,0.8344827586206897,0.16634050880626222,0.08333333333333333,0.2545871559633027,0.0031848695121447224,11931.260082220948,0.04276315789473684
2024,71287,Kaiser Foundation Healthplan of the NW,OR,9,12307.0,1133.0,0.09206142845535062,0.07236842105263158,39.0,0.03442188879082083,0.9517241379310345,0.4358974358974359,0.5909090909090909,,-0.118315755850848,-1456.1120072563863,0.04276315789473684
2024,37833,Quartz Health Benefit Plans Corporation,WI,57,706744.0,61046.0,0.08637639654528373,0.05921052631578947,204.0,0.0033417422926973104,0.7448275862068966,0.4803921568627451,0.6818181818181818,,-0.12400078776091489,-87636.81274530003,0.04037081339712918
2024,29678,Blue Cross and Blue Shield of Nebraska,NE,78,608828.0,110643.0,0.18173112931731128,0.32894736842105265,870.0,0.007863127355548928,0.8413793103448276,0.22758620689655173,0.12121212121212122,,-0.028646054988887337,-17440.5203667743,0.03987240829346093
2024,30751,Blue Cross and Blue Shield of Montana,MT,67,1224773.0,161567.0,0.13191587339041602,0.13157894736842105,336.0,0.0020796325982409773,0.5724137931034483,0.30952380952380953,0.2727272727272727,,-0.0784613109157826,-96097.2951542558,0.035885167464114825
2024,60612,"Kaiser Foundation Health Plan, Inc.",HI,10,13139.0,955.0,0.07268437476215846,0.039473684210526314,33.0,0.03455497382198953,0.9586206896551724,0.48484848484848486,0.696969696969697,,-0.13769280954404017,-1809.145824599144,0.02751196172248804
2024,96751,Matthew Thornton Hlth Plan(Anthem BCBS),NH,12,2247274.0,178992.0,0.0796484985809474,0.046052631578947366,396.0,0.0022123893805309734,0.5862068965517241,0.41919191919191917,0.5833333333333334,,-0.1307286857252512,-293783.1764845282,0.0268640350877193
2024,29276,Community Insurance Company(Anthem BCBS),OH,12,3841838.0,489897.0,0.12751630860020646,0.125,841.0,0.001716687385307524,0.5172413793103449,0.267538644470868,0.1893939393939394,,-0.08286087570599215,-318338.0610005575,0.023674242424242424
2024,22013,Regence BlueCross BlueShield of Utah,UT,8,421327.0,77339.0,0.18356051238111964,0.3355263157894737,487.0,0.006296952378489507,0.8137931034482758,0.12320328542094455,0.06060606060606061,,-0.026816671925078972,-11298.587932177748,0.02033492822966507
2024,89364,Sanford Health Plan,ND,18,663600.0,39306.0,0.05923146473779385,0.019736842105263157,147.0,0.0037398870401465427,0.7655172413793103,0.6530612244897959,0.946969696969697,,-0.15114571956840478,-100300.29950559342,0.01869019138755981
2024,91450,"Health Net of Arizona, Inc.",AZ,17,3580808.0,693915.0,0.1937872681249595,0.40789473684210525,502.0,0.0007234315442093052,0.25517241379310346,0.027888446215139442,0.045454545454545456,,-0.016589916181239117,-59405.30458111048,0.01854066985645933
2024,32225,Montana Health Cooperative,MT,15,928281.0,113748.0,0.12253617169800955,0.1118421052631579,1163.0,0.010224355593065372,0.8758620689655172,0.23989681857265693,0.15151515151515152,,-0.08784101260818906,-81541.14302494236,0.016945773524720893
2024,34368,Celtic Insurance Company,KS,17,4203427.0,799505.0,0.19020313663113456,0.375,1121.0,0.0014021175602403988,0.43448275862068964,0.01784121320249777,0.03787878787878788,0.0,-0.02017404767506406,-84800.1366966515,0.014204545454545456
2024,66966,Capital Health Plan,FL,8,559771.0,39611.0,0.07076286552893951,0.03289473684210526,257.0,0.006488096740804322,0.8206896551724138,0.33852140077821014,0.4015151515151515,,-0.1396143187772591,-78152.0468362651,0.01320773524720893
2024,31195,Sanford Health Plan,SD,18,879472.0,45897.0,0.05218699401459057,0.013157894736842105,365.0,0.007952589493866702,0.8482758620689655,0.5972602739726027,0.8712121212121212,,-0.15819019029160805,-139123.84303614113,0.011463317384370016
2024,77969,Regence BlueCross BlueShield of Oregon,OR,14,1068671.0,141734.0,0.13262641168329636,0.13815789473684212,616.0,0.004346169585279467,0.7862068965517242,0.14285714285714285,0.07575757575757576,,-0.07775077262290225,-83089.99592968957,0.010466507177033494
2024,29698,Priority Health,MI,49,4220185.0,368344.0,0.08728148173599025,0.06578947368421052,130.0,0.0003529309558456226,0.07586206896551724,0.2153846153846154,0.11363636363636363,,-0.12309570257020837,-519486.6375512548,0.0074760765550239226
2024,90714,Ambetter of Magnolia Inc.,MS,17,12226636.0,2020936.0,0.1652896185017694,0.24342105263157895,1147.0,0.0005675587945387681,0.15862068965517243,0.0,0.01893939393939394,,-0.045087565804429214,-551269.2552168032,0.0046102472089314195
2024,60536,"Avera Health Plans, Inc.",SD,35,440684.0,15405.0,0.03495702135770756,0.006578947368421052,154.0,0.00999675430055177,0.8689655172413793,0.44805194805194803,0.6136363636363636,,-0.17542016294849105,-77304.85908879283,0.004037081339712919
2024,62141,Celtic Insurance Company,AR,14,8656738.0,1349884.0,0.15593448710126148,0.19078947368421054,1813.0,0.001343078368215343,0.4,0.0,0.01893939393939394,,-0.054442697204937135,-471296.1657164731,0.0036134370015948967
2024,37903,"QualChoice Life & Health Insurance Company, Inc.",AR,7,1804696.0,273192.0,0.15137840389738771,0.17105263157894737,397.0,0.0014531904301736509,0.4413793103448276,0.0,0.01893939393939394,,-0.0589987804088109,-106474.8630086594,0.0032396331738437003
2024,70525,"QCA Health Plan, Inc.",AR,11,1715924.0,256793.0,0.14965289838011472,0.15789473684210525,346.0,0.0013473887528086825,0.4068965517241379,0.0,0.01893939393939394,,-0.06072428592608389,-104198.25960342957,0.0029904306220095694
2024,20173,HealthPartners Insurance Company,WI,16,478102.0,31778.0,0.06646698821590372,0.02631578947368421,,,,,,,-0.1439101960902949,-68803.75257116217,0.0
2024,19898,"AvMed, Inc.",FL,64,469288.0,134771.0,0.28718185847496636,0.8355263157894737,25.0,0.00018549984789012472,0.013793103448275862,,,,0.07680467416876774,36043.51193131268,0.0
2024,47840,Medica Central Insurance Company,MO,10,64203.0,14532.0,0.22634456333816177,0.5789473684210527,20.0,0.0013762730525736307,0.4206896551724138,,,,0.015967379031963158,1025.1536359891306,0.0
2024,53932,Celtic Insurance Company,AL,19,2195527.0,437843.0,0.1994250127645891,0.45394736842105265,377.0,0.0008610392309572152,0.296551724137931,,,,-0.010952171541609518,-24045.78832823532,0.0
2024,63474,BridgeSpan Health Company,OR,3,12610.0,1468.0,0.11641554321966693,0.10526315789473684,,,,,,,-0.09396164108653168,-1184.8562941011646,0.0
2024,63251,Community First Insurance Plans,TX,4,119190.0,38695.0,0.32464971893615235,0.9342105263157895,,,,,,,0.11427253462995374,13620.143402544187,0.0
2024,62505,Celtic Insurance Company,OK,21,2313526.0,498324.0,0.21539589354085495,0.5263157894736842,446.0,0.000895000040134531,0.30344827586206896,,,,0.005018709234656332,11610.914300817525,0.0
2024,58594,"Meridian Health Plan of Michigan, Inc.",MI,9,4193640.0,1059423.0,0.25262611955246517,0.6776315789473685,844.0,0.0007966600687355287,0.2689655172413793,,,,0.04224893524626655,177176.82480615325,0.0
2024,58326,"MercyCare HMO, Inc.",WI,7,213818.0,21079.0,0.09858384233319926,0.08552631578947369,15.0,0.0007116087100906115,0.2482758620689655,,,,-0.11179334197299935,-23903.428793982777,0.0
2024,64004,Celtic Insurance Company,DE,17,27423.0,7861.0,0.2866571855741531,0.8289473684210527,,,,,,,0.07628000126795448,2091.8264747711155,0.0
2024,67926,"AmeriHealth Caritas Florida, Inc.",FL,8,92022.0,28025.0,0.30454673882332484,0.8881578947368421,,,,,,,0.09416955451712622,8665.670745774989,0.0
2024,70111,Celtic Insurance Company,TN,19,10214665.0,1914504.0,0.18742699834013157,0.3618421052631579,2600.0,0.0013580540965179493,0.41379310344827586,,,,-0.022950185966067044,-234428.46133107622,0.0
2024,77264,Ambetter of North Carolina Inc.,NC,33,5146068.0,1082702.0,0.21039403288102684,0.506578947368421,1238.0,0.0011434355898483608,0.36551724137931035,,,,1.6848574828226548e-05,86.70391176914214,0.0
2024,90787,"Ambetter Health of Louisiana, Inc.",LA,17,2111052.0,437252.0,0.20712516792575456,0.4934210526315789,289.0,0.0006609460905839195,0.21379310344827587,,,,-0.0032520163804440616,-6865.175683969197,0.0
2024,86382,Sunshine State Health Plan,FL,7,1747455.0,344204.0,0.19697445713909656,0.4276315789473684,437.0,0.0012695959372930007,0.38620689655172413,,,,-0.013402727167102058,-23420.662601788325,0.0
2024,86584,"Aspirus Health Plan, Inc.",WI,12,405418.0,50973.0,0.1257294940037196,0.11842105263157894,19.0,0.00037274635591391523,0.0896551724137931,,,,-0.08464769030247901,-34317.69730705044,0.0
2024,79222,"Absolute Total Care, Inc",SC,17,9103191.0,1605146.0,0.17632783932579246,0.2894736842105263,1299.0,0.0008092721783563614,0.2827586206896552,,,,-0.034049344980406154,-309957.6907815285,0.0
2024,87416,Common Ground Healthcare Cooperative,WI,19,1533514.0,170257.0,0.1110240923786806,0.09868421052631579,0.0,0.0,0.006896551724137931,,,,-0.09935309192751801,-152359.35741413585,0.0
2024,94529,Group Health Cooperative of South Central Wisconsin,WI,21,212263.0,19894.0,0.09372335263328983,0.07894736842105263,,,,,,,-0.11665383167290878,-24761.292272386636,0.0
2024,99723,Celtic Insurance Company,MO,17,6509852.0,1251198.0,0.19220068290339012,0.3815789473684211,,,,,,,-0.018176501402808493,-118326.33401007568,0.0
